"ref","name","@lat","@lon"
,"東雲",35.6407437,139.8036145
"Y23","辰巳",35.645556,139.810556
"Y24","新木場",35.6459403,139.8267824
,"亀有",35.7665223,139.847598
,"栢山",35.3109356,139.1425149
,"新子安",35.4868754,139.6541635
"KS02","日暮里",35.7280787,139.7712593
"KS30","京成大和田",35.7120331,140.1080135
,"大久保",35.7007911,139.6973187
,"東中野",35.7062386,139.6848775
,"御徒町",35.7069531,139.7746303
,"上野",35.7133757,139.7766557
,"鶯谷",35.7203576,139.7790442
,"日暮里",35.7280753,139.7705663
,"西日暮里",35.7322977,139.7665882
,"田端",35.7373701,139.7617151
,"駒込",35.7365848,139.7472412
,"巣鴨",35.7334119,139.7394273
,"大塚",35.7317401,139.7283438
,"新大久保",35.7013007,139.7002421
,"水戸",36.370781,140.4762395
,"三河島",35.7332563,139.7778333
,"大崎",35.6193759,139.728474
"TJ04","大山",35.7486322,139.7024528
"TJ02","北池袋",35.7409711,139.7168664
"TJ01","池袋",35.7303273,139.710757
,"渋谷",35.6579744,139.7016936
,"河口湖",35.4980487,138.7689941
,"富士急ハイランド",35.4894741,138.7819013
,"富士山",35.4835487,138.7958212
,"月江寺",35.4932012,138.7980004
,"下吉田",35.4979344,138.803618
,"葭池温泉前",35.5020392,138.8120309
,"寿",35.5082675,138.8253295
,"三つ峠",35.5241054,138.845291
,"東桂",35.5364776,138.8710343
,"十日市場",35.5388845,138.8875929
,"都留文科大学前",35.5427001,138.896737
,"谷村町",35.5506147,138.9045731
,"都留市",35.556997,138.9075641
,"赤坂",35.5662202,138.9161361
,"禾生",35.5750909,138.9290533
,"田野倉",35.5932043,138.9312172
,"上大月",35.609569,138.9380778
"TJ20","新河岸",35.8909843,139.497263
"TJ19","上福岡",35.8739286,139.5118698
"TJ18","ふじみ野",35.8608646,139.5231078
"TJ17","鶴瀬",35.8457833,139.5394403
"TJ16","みずほ台",35.8382897,139.5508963
"TJ15","柳瀬川",35.8308061,139.5621719
"TJ14","志木",35.822356,139.5752607
"TJ13","朝霞台",35.8147587,139.586952
"TJ12","朝霞",35.796725,139.6004704
"TJ11","和光市",35.7886582,139.6124496
"TJ09","下赤塚",35.7706013,139.644556
"TJ07","上板橋",35.7635967,139.676569
"TJ06","ときわ台",35.7589509,139.6885556
"TJ05","中板橋",35.7564299,139.694164
"TY03","中目黒",35.6441395,139.6988317
"TY04","祐天寺",35.6375748,139.6910422
"TY07","自由が丘",35.6075666,139.668826
"TY08","田園調布",35.5968995,139.6672487
,"相模湖",35.6173743,139.1886555
,"藤野",35.6159369,139.1521845
,"上野原",35.6187861,139.1157229
,"四方津",35.6141538,139.0728687
,"梁川",35.60568,139.0381381
,"鳥沢",35.6081333,139.0036697
,"猿橋",35.6128325,138.9681513
,"蕨",35.8281232,139.6903799
,"北浦和",35.8721323,139.6460774
,"与野",35.8843429,139.6390018
,"さいたま新都心",35.8936374,139.6339481
,"十条",35.7600092,139.7222807
"T12","門前仲町",35.6722994,139.795085
"TD06","岩槻",35.9501713,139.6930315
,"東所沢",35.7946285,139.5137843
,"平和台",35.8508764,139.901081
"TY11;MG11","武蔵小杉",35.575844,139.659526
"TY16","菊名",35.5104389,139.6312819
"TJ28","高坂",36.0027089,139.3977615
"TJ25","若葉",35.9491214,139.4087459
"TJ23","霞ヶ関",35.925597,139.4433818
"H02","恵比寿",35.6470083,139.7086688
,"下小川",36.6693932,140.3871717
,"中舟生",36.645859,140.392387
,"山方宿",36.6246382,140.401153
,"玉川村",36.578709,140.374379
,"常陸大宮",36.5474532,140.4122842
,"野上原",36.6059256,140.3902626
,"西金",36.694871,140.387096
"EN09","七里ヶ浜",35.3062686,139.5101188
"EN13","由比ヶ浜",35.3128208,139.54141
"EN06","江ノ島",35.3110452,139.4875483
"EN07","腰越",35.3083512,139.4931849
"EN11","極楽寺",35.3093646,139.5287947
"EN01","藤沢",35.3371923,139.4871978
"EN02","石上",35.332766,139.485649
"EN10","稲村ヶ崎",35.3042488,139.5223603
"EN12","長谷",35.3112368,139.536049
"EN14","和田塚",35.3137453,139.5454869
"EN08","鎌倉高校前",35.3066899,139.5007137
"EN03","柳小路",35.3275267,139.4852039
"EN04","鵠沼",35.3211343,139.4825178
"EN05","湘南海岸公園",35.3150452,139.4835077
"EN15","鎌倉",35.3182968,139.5501569
,"西鎌倉",35.31937,139.50425
,"片瀬山",35.3172849,139.4962355
,"目白山下",35.314219,139.491782
,"富士見町",35.3454708,139.5293493
,"湘南深沢",35.3327679,139.518732
,"湘南町屋",35.3379119,139.5226733
,"湘南江の島",35.3119174,139.4879018
,"衣笠",35.2570413,139.6611966
,"久里浜",35.2326377,139.7010655
,"横須賀",35.2840068,139.6556386
,"東逗子",35.2988417,139.6014075
,"田浦",35.2928548,139.6369531
,"北鎌倉",35.3372886,139.5453167
,"大船",35.3543087,139.5314325
"KK18","雑色",35.550055,139.715197
"KK33","子安",35.4846412,139.6451432
"KK34","神奈川新町",35.4814731,139.6400716
"KK35","仲木戸",35.4772681,139.6345514
"KK37","横浜",35.4662499,139.6232223
,"神奈川",35.4710257,139.6271352
"KK17","羽田空港国内線ターミナル",35.549783,139.785976
"KK13","大鳥居",35.5525614,139.7393939
"KK14","穴守稲荷",35.5502972,139.7467464
"KK15","天空橋",35.548137,139.7546639
"KK53","新逗子",35.2941815,139.5803247
"KK52","神武寺",35.306415,139.5930854
"KK51","六浦",35.3226002,139.6112694
,"氏家",36.681443,139.962198
,"間々田",36.258002,139.761192
,"稲梓",34.721265,138.949024
,"川奈",34.950855,139.1240721
,"伊豆大川",34.8435776,139.0740728
,"伊豆北川",34.8270956,139.0756704
,"伊豆稲取",34.774526,139.0371509
,"伊豆高原",34.8777859,139.108354
,"城ヶ崎海岸",34.8895511,139.1214631
,"富戸",34.9094,139.131082
,"今井浜海岸",34.7538997,139.0049875
,"南伊東",34.957791,139.0880563
,"伊豆急下田",34.679491,138.9442994
,"河津",34.747536,138.9959578
,"片瀬白田",34.8021859,139.0611509
,"蓮台寺",34.6995256,138.9412823
,"伊豆熱川",34.817057,139.0693343
,"十国登り口",35.127691,139.0376355
,"十国峠",35.1277147,139.0408437
"ID05","穴部",35.279624,139.149044
"ID10","和田河原",35.3159081,139.1182424
"ID11","富士フイルム前",35.317656,139.1095073
"ID04","五百羅漢",35.274913,139.155953
"ID06","飯田岡",35.287881,139.1392226
"ID07","相模沼田",35.2922657,139.1339143
"ID09","塚原",35.3015749,139.1264189
"ID03","井細田",35.2686508,139.1573763
"ID12","大雄山",35.3191091,139.1033737
"ID08","岩原",35.2985538,139.1289859
"ID02","緑町",35.2595784,139.1589242
,"修善寺",34.9792425,138.9507744
,"三島広小路",35.1189674,138.9113986
,"伊豆仁田",35.079065,138.9415312
,"田京",35.015275,138.945956
,"大仁",34.9945747,138.9374079
,"大場",35.0920858,138.9394249
,"原木",35.0654361,138.9437013
,"三島田町",35.1164293,138.9178559
,"三島二日町",35.1106356,138.9264855
,"牧之郷",34.988493,138.954408
,"韮山",35.054191,138.945373
,"来宮",35.0988049,139.065604
,"伊豆多賀",35.059184,139.0669199
,"宇佐美",35.0059064,139.0797254
,"網代",35.043699,139.0812535
"OH48","箱根板橋",35.2452074,139.1451896
"OH56","彫刻の森",35.2466589,139.0506265
"OH52","塔ノ沢",35.2345224,139.0940123
"OH54","宮ノ下",35.2420482,139.0630912
"OH50","入生田",35.2408763,139.12128
"OH49","風祭",35.2462385,139.1292824
"OH55","小涌谷",35.2405017,139.0528058
"OH60","中強羅",35.2481695,139.0406145
"OH58","公園下",35.2499439,139.0457211
"OH62","早雲山",35.2465082,139.0359193
"OH61","上強羅",35.247315,139.0381248
,"東山北",35.357475,139.107896
,"松田",35.3462965,139.1385794
,"上大井",35.3222131,139.1631386
,"相模金子",35.3338974,139.1504209
,"下曽我",35.3037793,139.1831264
,"駿河小山",35.3588991,138.9986758
,"南御殿場",35.2771258,138.9255565
,"谷峨",35.366238,139.038441
,"国府津",35.2812792,139.214207
,"足柄",35.3320488,138.9816305
,"山北",35.360769,139.0803209
,"御殿場",35.2999851,138.9341364
,"大岡",35.115972,138.8814351
,"岩波",35.215842,138.9192139
,"裾野",35.1717033,138.9093991
,"長泉なめり",35.1475105,138.8993532
,"下土狩",35.1290567,138.8950847
,"富士岡",35.2548697,138.9196832
"TD01","大宮",35.9062554,139.6238973
,"本庄早稲田",36.2188714,139.1794987
,"鶴間",35.4899101,139.4509709
,"長後",35.4125496,139.4654339
"OH28","相模大野",35.5315819,139.4373761
,"南林間",35.4950019,139.4483507
,"桜ヶ丘",35.450594,139.4657575
"OE16","片瀬江ノ島",35.308873,139.483502
,"藤沢本町",35.3480296,139.4761311
"OE15","鵠沼海岸",35.3208001,139.4710923
,"大和",35.4699728,139.4613664
"OE01","東林間",35.5202064,139.4390406
,"常陸多賀",36.5520417,140.632385
,"烏山",36.650476,140.1551197
,"大金",36.656529,140.095418
,"小塙",36.643376,140.116309
,"滝",36.648357,140.138602
,"下野花岡",36.6499239,140.0085554
,"仁井田",36.657241,140.029182
,"鴻野山",36.666354,140.051279
,"鹿沼",36.570576,139.763335
,"文挟",36.637253,139.728009
,"笠間",36.373167,140.2460772
,"稲田",36.3686491,140.2145755
,"岩瀬",36.3594646,140.1082693
,"新治",36.328288,140.039898
,"下野大沢",36.68569,139.732753
,"福原",36.351841,140.188174
,"大和",36.3455528,140.073086
,"宍戸",36.3446637,140.2887372
,"玉戸",36.2987254,139.939242
,"結城",36.297928,139.874157
,"小田林",36.300846,139.8532
,"川島",36.2959008,139.9174235
,"東結城",36.296618,139.891943
,"小俣",36.3751771,139.3741668
,"思川",36.350675,139.781871
,"富田",36.3161615,139.5288074
,"岩舟",36.3265307,139.657565
,"足利",36.3319671,139.4562493
,"山前",36.3473632,139.4112914
,"駒形",36.3541169,139.1397662
,"前橋大島",36.3705515,139.1096721
,"通洞",36.6370412,139.4399735
,"原向",36.617505,139.421027
,"間藤",36.653133,139.4500434
,"足尾",36.6420157,139.4481767
,"神戸",36.5376711,139.3569927
,"沢入",36.580956,139.396364
,"花輪",36.5210624,139.3080639
,"水沼",36.4997911,139.2772166
,"小中",36.535751,139.338169
,"中野",36.5241227,139.317137
,"大間々",36.4345689,139.2776411
,"乙女",36.3112941,138.4409075
,"東小諸",36.3168432,138.4324617
,"小諸",36.3263188,138.4220334
,"三岡",36.303949,138.448753
,"美里",36.2919933,138.4502171
,"海瀬",36.1556354,138.4858724
,"松原湖",36.060674,138.470396
,"小海",36.0882,138.482623
,"八千穂",36.1334766,138.4774776
,"青沼",36.181646,138.489116
,"海尻",36.040982,138.473601
,"滑津",36.239017,138.474878
,"龍岡城",36.2045198,138.4907307
,"岩村田",36.274367,138.472798
,"甲斐大泉",35.896392,138.410137
,"馬流",36.101384,138.486009
,"北中込",36.254521,138.47669
,"中込",36.230974,138.479299
,"高岩",36.115407,138.477658
,"臼田",36.1939745,138.4882164
,"羽黒下",36.1661318,138.4893931
,"信濃川上",35.975591,138.527326
,"佐久海ノ口",36.020881,138.491037
,"佐久広瀬",36.003371,138.519398
,"中佐都",36.2807881,138.4539849
,"佐久平",36.2775362,138.4636021
,"太田部",36.220555,138.487465
,"甲斐小泉",35.879521,138.359223
,"野辺山",35.955299,138.4745878
,"清里",35.919371,138.437052
,"石川町",35.4392437,139.6427472
,"関内",35.4440657,139.6360819
,"三才",36.6862207,138.2435308
,"平間",35.5609716,139.6709128
,"矢向",35.5396455,139.6802857
,"武蔵新城",35.587114,139.6298345
,"向河原",35.5726442,139.6672136
,"武蔵溝ノ口",35.5991705,139.6110027
,"武蔵小杉",35.5766091,139.6600119
,"鹿島田",35.5518368,139.6748639
,"武蔵中原",35.5809953,139.6415026
,"西国立",35.6932804,139.4241055
,"矢川",35.6849629,139.4321775
,"稲田堤",35.6334938,139.5356146
,"中野島",35.6302101,139.5503096
,"谷保",35.6814533,139.4466026
,"登戸",35.6208403,139.5699933
,"分倍河原",35.6684605,139.4689995
,"府中本町",35.6661093,139.477101
,"川崎新町",35.5181486,139.6994733
,"浜川崎",35.5103945,139.7134058
,"後閑",36.6792522,139.0005798
,"富士見",35.9120758,138.2383722
,"すずらんの里",35.930459,138.211814
,"韮崎",35.7104006,138.4507625
,"青柳",35.942568,138.197648
,"小淵沢",35.8638781,138.3159324
,"春日居町",35.6735126,138.6590969
,"日野春",35.790509,138.394508
,"東山梨",35.694283,138.7030636
,"信濃境",35.884632,138.275897
,"上諏訪",36.0466542,138.1163444
,"竜王",35.6688299,138.5193666
,"塩崎",35.6879122,138.4875491
,"新府",35.7370328,138.4332196
,"塩山",35.7055013,138.7341703
,"長坂",35.8275695,138.3667286
,"勝沼ぶどう郷",35.6726504,138.7431392
,"茅野",35.9941211,138.1524123
,"下諏訪",36.0719826,138.0848311
,"穴山",35.7510788,138.4139583
,"初狩",35.5942128,138.8841092
,"笹子",35.6040357,138.8263166
,"甲斐大和",35.6394199,138.7812886
"TN36","安塚",36.485401,139.8355625
"TN31","野州平川",36.4016659,139.7541038
"TN38","江曽島",36.5313677,139.8609909
"TN37","西川田",36.514664,139.850566
"TN39","南宇都宮",36.543633,139.8717132
"TN35","おもちゃのまち",36.466206,139.829361
,"東武金崎",36.4661418,139.7493813
,"家中",36.4292955,139.747259
,"合戦場",36.4080811,139.7412115
,"北鹿沼",36.5806414,139.7378162
,"幸手",36.0746779,139.7149669
,"新大平下",36.3384582,139.7015707
,"南栗橋",36.1132043,139.7129197
,"杉戸高野台",36.0515844,139.7145126
,"静和",36.3161299,139.6844335
,"田中",36.3543791,138.3293455
,"平原",36.3086658,138.4542194
,"軽井沢",36.3428259,138.6352153
,"中軽井沢",36.3475773,138.5925266
,"御代田",36.3189739,138.5064773
,"信濃追分",36.3357398,138.5589825
,"小諸",36.3264094,138.4221869
,"テクノさかき",36.4412283,138.1881495
,"大屋",36.3697091,138.2969504
,"滋野",36.342501,138.3634172
,"信濃国分寺",36.378812,138.272957
,"西上田",36.4170523,138.208642
,"戸倉",36.4926139,138.1531153
,"上田",36.3963865,138.2495056
,"稲荷山",36.5526782,138.1080281
,"姨捨",36.502817,138.093209
,"冠着",36.457942,138.079538
,"佐久平",36.2781104,138.4643868
"G04;Z03;E24","青山一丁目",35.672811,139.7240226
,"甲府",35.666693,138.5702783
,"市川本町",35.5606756,138.5024061
,"身延",35.3616412,138.4531163
,"国母",35.6302734,138.5511968
,"富士宮",35.2213118,138.6151475
,"富士根",35.2054663,138.635371
,"波高島",35.418445,138.4595186
,"塩之沢",35.379957,138.454159
,"芦川",35.5633288,138.5112709
,"常永",35.6167499,138.5328004
,"甲斐住吉",35.6368759,138.5701817
,"南甲府",35.6434616,138.5776797
,"甲斐常葉",35.445156,138.476913
,"甲斐岩間",35.492966,138.463283
,"落居",35.503812,138.471525
,"下部温泉",35.426019,138.472876
,"久那土",35.481564,138.46696
,"十島",35.2302111,138.5157347
,"沼久保",35.1994119,138.5844369
,"東花輪",35.5945032,138.5269328
,"甲斐上野",35.5697553,138.5201281
,"甲斐大島",35.3283752,138.4521537
,"小井川",35.6048824,138.5285386
,"稲子",35.2306598,138.5368792
,"源道寺",35.214525,138.6270398
,"芝川",35.1975129,138.5637124
,"竪堀",35.1683278,138.6459752
,"入山瀬",35.1881997,138.6478652
,"鰍沢口",35.5414162,138.4708827
,"市川大門",35.5604521,138.4928241
,"市ノ瀬",35.462661,138.48213
,"西富士宮",35.2254516,138.6025034
,"内船",35.2819601,138.4649548
,"井出",35.2473855,138.4909721
,"柚木",35.1575122,138.6392328
,"寄畑",35.2645215,138.4751371
"S10","草薙",35.0014595,138.4426629
"S01","新静岡",34.9758898,138.3872581
"S12","狐ヶ崎",35.0115095,138.4598593
"S13","桜橋",35.0131706,138.4778483
"S03","音羽町",34.9784216,138.3959535
"S09","県立美術館前",34.9972962,138.4378552
"S15","新清水",35.0170901,138.4878777
"S07","古庄",34.9926743,138.419238
"S04","春日町",34.9784748,138.4009535
"S14","入江岡",35.0148262,138.4810733
"S06","長沼",34.9889763,138.4127673
"S11","御門台",35.0077934,138.45246
"DT01;Z01","渋谷",35.6594941,139.7021109
"DT05","桜新町",35.631719,139.645163
"DT04","駒沢大学",35.63351,139.661771
"DT02","池尻大橋",35.650655,139.68461
"DT06","用賀",35.6266477,139.6341719
,"二子玉川",35.611978,139.626735
"DT03","三軒茶屋",35.6435178,139.6712704
"DT20","青葉台",35.5428783,139.5172312
"DT18","市が尾",35.5510923,139.5410192
"DT11","梶が谷",35.5937334,139.6054841
"DT16","あざみ野",35.5686475,139.5534048
"DT15","たまプラーザ",35.5775407,139.558844
"DT12","宮崎台",35.5870343,139.5906383
"DT19","藤が丘",35.5435299,139.528034
"DT21","田奈",35.5361161,139.50476
"DT17","江田",35.558532,139.5513969
,"鷺沼",35.5794743,139.572865
"DT13","宮前平",35.5850112,139.5822764
"DT10;OM12","溝の口",35.5999664,139.6103942
"DT27","中央林間",35.5077415,139.4443318
"DT26","つきみ野",35.5103779,139.4582397
"OM06;IK05","旗の台",35.6048391,139.7027094
"OM12","尾山台",35.6071297,139.6534241
"MG06;OM08","大岡山",35.6073954,139.68542
"OM10","自由が丘",35.6075712,139.6692427
"OM09","緑が丘",35.6065821,139.6790041
"OM14","上野毛",35.6120197,139.6389064
"OM07","北千束",35.6062539,139.6935916
"IK15;TM07","蒲田",35.5617009,139.7146729
"TM06","矢口渡",35.5625833,139.7002561
"TM04","下丸子",35.5714014,139.685601
"TM02","沼部",35.5827775,139.6730758
"TM05","武蔵新田",35.5678875,139.6924757
"MG03","武蔵小山",35.6202318,139.7039054
"MG04","西小山",35.6154993,139.6986894
"I01;N01;MG01","目黒",35.6332078,139.7156277
"MG02","不動前",35.6253595,139.7130246
"MG05","洗足",35.6101598,139.6941517
"MG07","奥沢",35.6040378,139.6727677
"MG08","田園調布",35.596904,139.6673233
"SI14","東久留米",35.7602906,139.5340857
"SK03","鷹の台",35.7233679,139.4611643
"SK02","恋ヶ窪",35.7112868,139.4640232
"SK01;ST01","国分寺",35.7002811,139.4800026
,"荒野台",36.016623,140.625348
,"徳宿",36.1905487,140.5144769
,"北浦湖畔",36.1204535,140.5368602
,"新鉾田",36.152315,140.5204095
,"長者ヶ浜潮騒はまなす公園前",36.0315463,140.6185926
,"大洋",36.1083312,140.5763902
,"鹿島大野",36.0507687,140.6098201
,"鹿島灘",36.075143,140.597051
"G17","稲荷町",35.7113289,139.7826636
,"舞田",36.3597525,138.1826733
,"中野",36.3606329,138.1934067
,"赤坂上",36.3913505,138.2268076
,"寺下",36.3835966,138.216324
,"下之郷",36.3631083,138.2172057
,"八木沢",36.3584594,138.1753391
,"神畑",36.377551,138.2168629
,"上田",36.3968181,138.2486479
,"城下",36.3925682,138.2426467
,"中塩田",36.3631888,138.2046802
,"塩田町",36.3610719,138.1986452
,"大学前",36.3708857,138.2151607
,"三好町",36.3917711,138.2351275
,"上田原",36.390429,138.2216239
,"別所温泉",36.3528907,138.1615575
"S17","船堀",35.6838107,139.8642986
"S19","瑞江",35.6933302,139.8977236
"S20","篠崎",35.705995,139.9037372
,"鴨居",35.510983,139.5671436
,"中山",35.5147332,139.5392847
,"大口",35.4924497,139.6462145
,"十日市場",35.526292,139.5166305
,"八王子みなみ野",35.6312408,139.3309936
,"片倉",35.6398774,139.3416692
,"小机",35.5085651,139.6001231
,"東神奈川",35.4779431,139.6333271
,"相原",35.6069203,139.3317176
"KO40","京王永山",35.6302581,139.4483564
"KO45","橋本",35.5949421,139.3441473
"KO18","調布",35.6518651,139.544493
"KO36","京王稲田堤",35.6340296,139.5315503
,"高松",35.710102,139.4133094
,"甲州街道",35.6782778,139.4092663
,"柴崎体育館",35.6899932,139.4094397
,"立飛",35.7144751,139.4173086
,"泉体育館",35.7184916,139.4197308
,"砂川七番",35.7231354,139.4181567
,"大塚・帝京大学",35.6368833,139.4164516
"SS33","玉川上水",35.7320261,139.4179263
,"松が谷",35.6318159,139.4220287
,"中央大学・明星大学",35.6418657,139.4087619
,"桜街道",35.7390836,139.4166469
,"上北台",35.7458297,139.4158199
,"高幡不動",35.6612885,139.4151851
,"万願寺",35.6712259,139.4201102
,"多摩動物公園",35.648548,139.4036949
,"立川南",35.6961191,139.4126249
,"立川北",35.6993779,139.4125212
"OT01","五月台",35.600141,139.4936775
"OT03","黒川",35.6131743,139.4707869
"OT07","唐木田",35.6167028,139.4117384
"OT05","小田急永山",35.6299131,139.4482154
11,"海の公園柴口",35.3421054,139.6359064
10,"八景島",35.3408226,139.640836
12,"海の公園南口",35.3371661,139.6320353
6,"幸浦",35.3583376,139.6437391
8,"福浦",35.3496489,139.6485436
7,"産業振興センター",35.3534255,139.646291
,"開成",35.3262907,139.1359251
,"東海大学前",35.373169,139.271254
,"足柄",35.2719379,139.1544252
"OH14","成城学園前",35.6399502,139.5984411
"OH20","生田",35.6149354,139.5413624
"OH25","鶴川",35.5831769,139.4820835
"OH22","百合ヶ丘",35.6090659,139.5161527
,"秦野",35.3702903,139.2257265
"OH15","喜多見",35.6364976,139.5867097
"OH24","柿生",35.5895818,139.4975491
,"螢田",35.285015,139.1520782
,"愛甲石田",35.4176073,139.343943
,"本厚木",35.4393363,139.3643027
,"新松田",35.3447047,139.1396051
"OH26","玉川学園前",35.5642849,139.4638945
"OH09","梅ヶ丘",35.656241,139.654343
,"富水",35.2963073,139.1453206
"OH13","祖師ヶ谷大蔵",35.6432912,139.6097735
"OH21","読売ランド前",35.6147892,139.5279606
,"鶴巻温泉",35.3808339,139.2776411
"OH04","代々木八幡",35.6696211,139.6888398
"OH11","経堂",35.6512711,139.6366818
"OH12","千歳船橋",35.6473851,139.6238205
"OH16","狛江",35.6323394,139.5774074
"OH19","向ヶ丘遊園",35.6172621,139.5646138
"OH17","和泉多摩川",35.6275185,139.5737097
"OH05;C01","代々木上原",35.669008,139.679787
,"伊勢原",35.3959703,139.3134975
"OH10","豪徳寺",35.653565,139.6468537
,"海老名",35.4527257,139.3909009
"OH31","座間",35.4807019,139.3999431
,"渋沢",35.3741085,139.1847113
"KO26","中河原",35.6596172,139.4578941
"KO22","多磨霊園",35.6662428,139.5026237
"KO32","長沼",35.6427854,139.3660266
"KO19","西調布",35.6570472,139.5301869
"KO27","聖蹟桜ヶ丘",35.6507982,139.4468933
"KO28","百草園",35.6574378,139.4313604
"KO23","東府中",35.6689584,139.4950583
"KO25","分倍河原",35.6684766,139.4685064
"S01","新宿",35.6889062,139.6999118
"KO24","府中",35.6722053,139.480175
"KO21","武蔵野台",35.6642555,139.5109389
"KO30","南平",35.6550985,139.3925213
"KO20","飛田給",35.660252,139.5233684
"KO31","平山城址公園",35.6475285,139.3801778
"KO51","狭間",35.6406875,139.2932569
"KO50","めじろ台",35.6435454,139.3081073
"KO49","山田",35.6443652,139.3210906
"KO48","京王片倉",35.6443626,139.3370025
"KO33","北野",35.644382,139.3542656
,"原当麻",35.529245,139.375091
,"入谷",35.47871,139.391703
,"上溝",35.5577156,139.3632297
,"倉見",35.3949034,139.3783896
,"海老名",35.4542854,139.3892223
,"寒川",35.3676344,139.387398
,"香川",35.3562043,139.3999184
,"門沢橋",35.4064817,139.3803426
,"番田",35.545434,139.363067
,"相武台下",35.4932803,139.3861945
,"社家",35.4207323,139.3771664
,"下溝",35.5182402,139.3805975
,"宮山",35.3818763,139.3797044
,"北茅ヶ崎",35.3391923,139.4077374
"IN05","下北沢",35.6615782,139.6671868
"IN03","駒場東大前",35.6589024,139.6833626
"IN13","富士見ヶ丘",35.684867,139.607019
"IN15","三鷹台",35.692207,139.5890321
"IN12","高井戸",35.6833014,139.6149602
,"明覚",36.003269,139.288954
,"箱根ヶ崎",35.7714004,139.3467277
,"北八王子",35.6693571,139.3634112
,"折原",36.0962603,139.1952598
,"用土",36.1534484,139.2010083
,"松久",36.172733,139.182508
,"竹沢",36.0754682,139.2301833
,"毛呂",35.9404232,139.3094237
,"児玉",36.1926268,139.1359581
,"寄居",36.1180302,139.1938273
,"金子",35.8110037,139.3285178
,"小宮",35.6855229,139.3688398
,"丹荘",36.2167492,139.1022748
,"小川町",36.0589385,139.2609401
,"東福生",35.7459234,139.3359778
,"行田市",36.1436598,139.459224
,"南羽生",36.1498389,139.5566458
,"花崎",36.1099477,139.6335577
,"鷲宮",36.0963982,139.6568724
,"加須",36.123012,139.5956739
"IK04","荏原中延",35.6099554,139.7119528
"IK01","五反田",35.6254884,139.7243224
,"昭島",35.7135703,139.3608938
"KD02","恩田",35.5456179,139.4923253
"KD03","こどもの国",35.5582144,139.486526
"TS20","新越谷",35.8752963,139.7897462
"TS06","鐘ヶ淵",35.7333722,139.8201376
"TS19","蒲生",35.867444,139.7914495
,"大袋",35.9238144,139.7780369
"TS15","谷塚",35.814262,139.8010408
"TS07","堀切",35.7431862,139.8177041
,"北越谷",35.9024378,139.7796607
"TS18","新田",35.8545928,139.7950671
"TS05","東向島",35.724279,139.8193204
,"東武動物公園",36.0247897,139.7267654
,"一ノ割",35.9642343,139.7660634
,"足利市",36.3293359,139.4482297
,"細谷",36.28338,139.349608
"TS16","草加",35.8281612,139.8032451
,"姫宮",36.004099,139.7388273
,"川俣",36.2082349,139.5264658
,"茂林寺前",36.2254654,139.5269673
"TS10","小菅",35.7588905,139.8129052
,"武里",35.9482419,139.7707901
"TS14","竹ノ塚",35.7944802,139.7906766
,"越谷",35.8883276,139.7857536
"TS08","牛田",35.7446769,139.8121178
,"県",36.290759,139.4720875
,"剛志",36.2954442,139.224006
,"福居",36.3057085,139.4584121
,"野州山辺",36.3263362,139.4320585
,"韮川",36.308306,139.402637
"TS17","獨協大学前〈草加松原〉",35.8431106,139.8006444
,"羽生",36.1703514,139.5340518
,"東武和泉",36.3153756,139.4551142
,"せんげん台",35.9357841,139.7744717
"TS11","五反野",35.7660148,139.8094901
,"和戸",36.0398694,139.7008233
,"多摩センター",35.6239755,139.422918
"KO42","京王堀之内",35.6244649,139.4003673
"KO43","南大沢",35.6141313,139.3799425
"KO44","多摩境",35.6019034,139.3670338
"KO38","稲城",35.6362217,139.5004525
"KO35","京王多摩川",35.6448816,139.5370827
"KO37","京王よみうりランド",35.6329527,139.5174012
"KO39","若葉台",35.6193563,139.4724477
"KO08","桜上水",35.6675015,139.6323285
"KO15","柴崎",35.6542039,139.5670015
"KO14","つつじヶ丘",35.6580925,139.5753341
"KO13","仙川",35.6623136,139.5850235
"KO16","国領",35.6502398,139.5586763
"KO17","布田",35.6498367,139.55167
"KO11","芦花公園",35.6706279,139.6088469
"KO07","下高井戸",35.6660693,139.6424439
"KO04","笹塚",35.6736274,139.6671061
"KO05","代田橋",35.6711552,139.6596041
,"程久保",35.6552783,139.4108443
"OT04","はるひ野",35.6187997,139.4646958
"OT02","栗平",35.6060241,139.480901
,"天王宿",36.4149069,139.3081543
,"丸山下",36.4168645,139.3214586
,"樋越",36.4155043,139.1734065
,"新屋",36.4137745,139.1965381
,"北原",36.41367,139.1845928
,"新里",36.4185454,139.2372223
,"江木",36.4072546,139.1335281
4,"赤坂",36.396964,139.117089
,"粕川",36.4168298,139.2107766
,"大胡",36.412676,139.15615
1,"城東",36.391196,139.0810977
6,"心臓血管センター",36.4052326,139.1288505
,"膳",36.4170507,139.221898
,"桐生球場前",36.4192275,139.2981079
"KO29","高幡不動",35.6620686,139.413569
"KO47","多摩動物公園",35.6494203,139.4052308
"KO46","府中競馬正門前",35.6685505,139.4849306
,"中之条",36.585404,138.852497
,"金島",36.529241,138.976878
,"郷原",36.548816,138.801774
,"矢倉",36.552654,138.784543
,"群馬原町",36.5718078,138.8243879
,"小野上温泉",36.556897,138.904724
,"祖母島",36.540713,138.957061
,"小野上",36.5524973,138.9222779
,"市城",36.570457,138.882592
,"群馬大津",36.5537754,138.6278267
,"大前",36.5137754,138.5293096
,"羽根尾",36.5499318,138.6052104
,"袋倉",36.5440799,138.5788707
,"万座・鹿沢口",36.5320971,138.5511034
,"岩島",36.5632327,138.7599489
"MM05","日本大通り",35.4471152,139.6420888
"MM06","元町・中華街",35.4418342,139.6514204
"MM04","馬車道",35.450495,139.635194
"MM02","新高島",35.461957,139.625671
"MM03","みなとみらい",35.45847,139.631829
"B15","阪東橋",35.4376078,139.6251054
"B14","吉野町",35.4354199,139.6186678
"B17","関内",35.445368,139.636728
"B09","上永谷",35.4014822,139.5726085
"B13","蒔田",35.4299045,139.6099707
"B16","伊勢佐木長者町",35.440992,139.6327637
"B12","弘明寺",35.42323,139.602094
,"湘南台",35.396458,139.467043
,"立場",35.4143423,139.5003507
,"下飯田",35.403512,139.483257
,"中田",35.410876,139.511781
"B06","戸塚",35.401118,139.535046
"B31","中川",35.562909,139.5698771
"B28","仲町台",35.5353413,139.5895284
"B29;G04","センター南",35.5454025,139.574285
"B32","あざみ野",35.568053,139.553543
"B21","三ツ沢下町",35.476513,139.61613
"B22","三ツ沢上町",35.476424,139.605678
"B26","北新横浜",35.5192784,139.6127805
"B19","高島町",35.4584724,139.6238334
"B24","岸根公園",35.495043,139.616308
"B23","片倉町",35.489472,139.605997
"B25","新横浜",35.508795,139.617534
"B20","横浜",35.465419,139.620149
"B18","桜木町",35.449636,139.630742
,"伊奈中央",35.9992676,139.6173065
,"志久",35.9914347,139.6221007
,"原市",35.9638825,139.6224792
,"内宿",36.0141495,139.5999556
,"沼南",35.9710573,139.6238418
,"加茂宮",35.9356779,139.6170035
,"鉄道博物館",35.9198236,139.6181669
,"今羽",35.9500595,139.6197894
,"丸山",35.980047,139.6246068
,"吉野原",35.9571827,139.6211793
,"東宮原",35.9425942,139.6183665
,"羽貫",36.0075319,139.6084089
,"東川口",35.875985,139.744242
,"川口元郷",35.800644,139.730495
,"鳩ヶ谷",35.8308818,139.7361492
,"新井宿",35.8429781,139.737879
,"南鳩ヶ谷",35.8165341,139.7362407
,"戸塚安行",35.8589503,139.7537843
,"国道",35.5008831,139.675467
,"筑波山頂",36.2258018,140.1009255
,"宮脇",36.2147018,140.1001838
"SS20","久米川",35.7496229,139.4725892
"SS23","航空公園",35.7983446,139.4656489
"SS18","花小金井",35.7262859,139.5129838
"SS17","田無",35.7271793,139.539524
,"南大塚",35.8900859,139.454664
"SS10","下井草",35.7237898,139.625376
"SS29","本川越",35.9140854,139.4813804
"SS13","上石神井",35.7261132,139.5924974
"SS11","井荻",35.724617,139.6153661
"SS01","西武新宿",35.6960912,139.7000455
,"入曽",35.8325083,139.4270771
"SS24","新所沢",35.80688,139.455971
"SS07","野方",35.7195546,139.6533979
"SS15","東伏見",35.7286778,139.564347
"SS14","武蔵関",35.7275368,139.577209
"SS08","都立家政",35.7222575,139.6452465
"SS19","小平",35.737024,139.488237
"SS12","上井草",35.7252401,139.6031457
"SS16","西武柳沢",35.7286278,139.552938
"SS09","鷺ノ宮",35.7226221,139.6396225
,"新狭山",35.8739888,139.4335281
,"狭山市",35.8573467,139.4133806
"SS03","下落合",35.715744,139.6955027
"SS05","新井薬師前",35.7156908,139.6726566
,"武蔵砂川",35.7289416,139.3929733
"SS33","玉川上水",35.73173,139.4183772
,"東大和市",35.7331526,139.4350401
,"西武立川",35.7262011,139.3701587
"SK06","西武園",35.767913,139.448445
"ST05","八坂",35.7451375,139.4673298
"ST02","一橋学園",35.7217562,139.4800781
"ST06","武蔵大和",35.7560605,139.4442299
"ST03","青梅街道",35.7306611,139.4765812
"SW05","競艇場前",35.6561904,139.4995958
"SW03","多磨",35.677312,139.517382
"SW06","是政",35.656275,139.4893858
"SW01","武蔵境",35.7019077,139.5440474
"SW02","新小金井",35.6959786,139.5267912
"SW04","白糸台",35.6665122,139.5097795
"SI38","新桜台",35.740858,139.668421
,"西川越",35.9192367,139.4595154
,"五反田",35.6261042,139.7237494
,"武蔵高萩",35.9017548,139.3713166
,"須坂",36.656322,138.303807
,"長野",36.6442879,138.1884396
,"北須坂",36.678052,138.308736
,"柳原",36.66332,138.257899
,"朝陽",36.666312,138.2409662
,"日野",36.6560628,138.2883326
,"市役所前",36.6482366,138.1911898
,"善光寺下",36.6578371,138.1934249
,"附属中学前",36.6628712,138.2478972
,"村山",36.6592906,138.2799243
,"桐原",36.665739,138.213404
,"権堂",36.652826,138.1918572
,"本郷",36.6625461,138.2038025
,"小布施",36.6991586,138.3131018
,"信濃吉田",36.66754,138.221336
,"竜ヶ崎",35.9085243,140.1792678
,"入地",35.9191832,140.1569553
,"東秋留",35.7260077,139.3114532
,"武蔵五日市",35.7322897,139.2280339
"E03","若松河田",35.699262,139.7184292
"TJ03","下板橋",35.7455753,139.7149217
,"山頂",35.7524731,139.7367814
,"公園入口",35.7527377,139.7371047
,"西武秩父",35.9901314,139.0831493
,"正丸",35.9383508,139.1814588
,"西吾野",35.9264733,139.2023318
,"吾野",35.9082314,139.2259368
"SI21","武蔵藤沢",35.8212184,139.4125567
,"東吾野",35.8920719,139.2604649
,"武蔵横手",35.8851314,139.280755
,"高麗",35.8821071,139.3042867
,"持田",36.137715,139.4420297
,"東行田",36.1473497,139.4684323
,"石原",36.1478286,139.3685412
,"羽生",36.1703209,139.533692
,"武州荒木",36.1626857,139.4890015
,"行田市",36.1435614,139.4590398
,"新郷",36.171225,139.5104039
,"上熊谷",36.1427903,139.3810561
,"西羽生",36.1765239,139.5240527
,"小前田",36.1289552,139.2224532
,"樋口",36.1311168,139.1223725
,"永田",36.135256,139.2591857
,"皆野",36.0686273,139.0939494
,"親鼻",36.0776099,139.1061572
,"武川",36.1422371,139.2824801
,"波久礼",36.1267049,139.1581149
,"上長瀞",36.0861212,139.1132362
,"長瀞",36.0953997,139.1123343
,"ひろせ野鳥の森",36.1460679,139.3513753
,"明戸",36.1429789,139.3033632
,"野上",36.1116791,139.1108612
,"秩父",35.9985439,139.0859068
,"和銅黒谷",36.0468946,139.1017085
,"桜沢",36.1286416,139.2070989
,"大野原",36.0185953,139.0940766
,"大麻生",36.144622,139.3319695
,"白久",35.9589799,138.9934357
,"武州日野",35.9539392,139.0213499
,"武州中川",35.9583305,139.0354107
,"影森",35.9721805,139.068287
,"浦山口",35.9639311,139.0583802
,"三峰口",35.9599943,138.9790393
"TJ26","坂戸",35.9570362,139.3938721
"TJ41","一本松",35.9402994,139.3703579
"TJ43","川角",35.9374192,139.3467631
"TJ44","武州長瀬",35.9419184,139.3259814
"TJ45","東毛呂",35.946871,139.3154649
"TJ46","武州唐沢",35.9520383,139.309372
,"鎌倉",35.3190879,139.5503756
"TJ24","鶴ヶ島",35.9369574,139.4236762
"TJ22","川越市",35.9140609,139.4771723
"TJ27","北坂戸",35.9721048,139.3969723
"TJ29","東松山",36.0347949,139.4016119
"TJ32","武蔵嵐山",36.0444138,139.3278518
"TJ31","つきのわ",36.0434918,139.345363
"TJ30","森林公園",36.0452703,139.3748941
,"東武竹沢",36.0752051,139.2375093
"TJ33","小川町",36.058708,139.2607941
,"鉢形",36.1138522,139.2090153
,"男衾",36.1074743,139.234159
,"寄居",36.1174204,139.1938952
,"玉淀",36.1170438,139.200344
,"的場",35.917686,139.4356014
"IK07","洗足池",35.5998047,139.6912953
"IK09","雪が谷大塚",35.5920174,139.6809829
"IK10","御嶽山",35.5852499,139.6824556
"IK12","千鳥町",35.5728989,139.691551
"IK14","蓮沼",35.5642455,139.7085021
"TY05","学芸大学",35.6289251,139.6853442
,"宿河原",35.6153755,139.5796574
"TY13;MG13","日吉",35.5534791,139.6468217
,"阿夫利神社",35.4314531,139.2379066
,"大山ケーブル",35.427935,139.2444562
"IN04","池ノ上",35.6605471,139.6730413
,"北上尾",35.985579,139.5771264
"A06","高輪台",35.6317387,139.7304131
"SI16","秋津",35.778504,139.4967172
"SI10","石神井公園",35.7436812,139.6064523
"SI08","富士見台",35.7359523,139.6300042
"SI09","練馬高野台",35.7409213,139.6163048
"SI02","椎名町",35.7264476,139.6948922
"SI01","池袋",35.7274419,139.7106772
"SI04","江古田",35.7376016,139.6727496
"OH29","小田急相模原",35.5151339,139.4225992
,"清滝",35.6310763,139.266722
,"高尾山",35.6310728,139.2561865
"TY15","大倉山",35.52186,139.6298585
"A18","浅草",35.7089846,139.7965207
,"武蔵小杉",35.5744843,139.663357
4,"熊野前",35.7485037,139.7698041
5,"足立小台",35.7546723,139.7703354
6,"扇大橋",35.7639817,139.77078
7,"高野",35.7684884,139.7706489
8,"江北",35.7739596,139.7702542
9,"西新井大師西",35.7815513,139.7700397
10,"谷在家",35.7887166,139.7700096
11,"舎人公園",35.7963752,139.7700819
12,"舎人",35.8056467,139.7700797
13,"見沼代親水公園",35.814493,139.7707277
,"滝本",35.7960371,139.1614056
,"御岳山",35.7896891,139.153606
"G03","都筑ふれあいの丘",35.5365723,139.5613196
"G02","川和町",35.5284607,139.5492034
"G08","高田",35.5496718,139.6200159
"H21;TS09;05","北千住",35.7495652,139.805127
"KS51","京成金町",35.7684928,139.870409
2,"西日暮里",35.7337333,139.7681087
1,"日暮里",35.7289204,139.7713635
"M21","本郷三丁目",35.7066179,139.7602092
"E38","光が丘",35.758508,139.6296243
"E27","練馬春日町",35.7514219,139.6403688
,"殿山",36.3499799,140.601953
,"平磯",36.3577931,140.6076358
,"那珂湊",36.3450808,140.588154
,"磯崎",36.377993,140.6178993
,"阿字ヶ浦",36.383515,140.6123857
,"ゆめが丘",35.4057234,139.4824589
,"弥生台",35.4298971,139.5063488
,"南万騎が原",35.452353,139.526377
,"緑園都市",35.4394376,139.5218526
,"いずみ中央",35.4152489,139.4872874
,"いずみ野",35.429465,139.4949527
,"鶴ヶ峰",35.4749312,139.5494895
,"三ツ境",35.4678244,139.5025493
,"和田町",35.463919,139.585944
,"相模大塚",35.470648,139.440551
,"西谷",35.4780801,139.5654201
,"海老名",35.452964,139.391667
,"西横浜",35.4532879,139.6084809
,"天王町",35.454244,139.601853
,"大和",35.469887,139.462243
,"二俣川",35.4634653,139.5322366
,"星川",35.458813,139.594668
,"瀬谷",35.470372,139.482145
,"かしわ台",35.4666917,139.4151047
,"上星川",35.467845,139.579773
,"さがみ野",35.471517,139.428377
"SO02","平沼橋",35.4596654,139.6163426
,"下館二高前",36.3196952,139.9719026
,"笹原田",36.5338156,140.145123
,"益子",36.463371,140.088803
,"七井",36.492205,140.094399
,"真岡",36.438525,140.002421
,"寺内",36.410593,139.979942
,"茂木",36.53131,140.181549
,"西田井",36.453389,140.049111
,"北山",36.4557947,140.0679074
,"ひぐち",36.3584646,139.9704886
,"天矢場",36.5292892,140.1559623
,"市塙",36.5381552,140.1103587
,"折本",36.3404947,139.9713181
,"多田羅",36.515921,140.0898628
,"北真岡",36.4491088,140.0138791
,"久下田",36.3757023,139.9717127
,"奥泉",35.150246,138.1481488
,"川根両国",35.1164981,138.1407067
,"尾盛",35.1926085,138.1742588
,"沢間",35.1244794,138.1339103
,"アプトいちしろ",35.1673176,138.1448428
,"井川",35.2123575,138.2212173
,"土本",35.1357712,138.139067
,"奥大井湖上",35.1680416,138.1810315
,"長島ダム",35.169204,138.156876
,"川根小山",35.1419182,138.1409332
,"ひらんだ",35.164961,138.1682445
,"接岨峡温泉",35.1792584,138.1851871
,"駿河徳山",35.074368,138.1105711
,"田野口",35.0514235,138.0954368
,"抜里",34.9531343,138.0877425
,"青部",35.0895902,138.1157464
,"新金谷",34.8255282,138.1379227
,"千頭",35.1079461,138.1376109
,"塩郷",34.9972936,138.0907407
,"家山",34.9405981,138.0780007
,"地名",34.9859805,138.0871819
,"崎平",35.0915866,138.127241
,"川根温泉笹間渡",34.9622597,138.0862385
,"代官町",34.8355079,138.126051
,"下泉",35.0219767,138.0900492
,"神尾",34.8829051,138.1016631
,"大和田",34.9207191,138.0824424
,"福用",34.9017593,138.0900438
,"日切",34.8391404,138.1223802
,"五和",34.844948,138.1207411
,"目白",35.7211861,139.7064823
"TY14","綱島",35.5367623,139.6346626
,"Adventureland Station",35.6337334,139.8824174
,"ポートディスカバリー駅",35.6252659,139.8830348
,"アメリカンウォーター フロント駅",35.6249799,139.8878323
,"武州原谷(貨物駅)",36.0270858,139.0967942
"A05","五反田",35.6267191,139.7236067
,"西府",35.6709515,139.4573765
,"本中野",36.2584383,139.4697627
,"篠塚",36.2567093,139.4469733
,"小泉町",36.2615056,139.4203959
,"竜舞",36.2784447,139.4094615
,"西小泉",36.2585422,139.4084842
,"東小泉",36.259602,139.429031
,"成島",36.2491413,139.5057885
,"田沼",36.3669416,139.5817998
,"堀米",36.3286172,139.5803587
,"葛生",36.398076,139.6091919
,"渡瀬",36.261732,139.5371731
,"吉水",36.3452459,139.5792212
,"佐野市",36.3061904,139.5757122
,"多田",36.3782724,139.5931141
,"三枚橋",36.3135565,139.3549007
,"藪塚",36.3591086,139.315352
,"治良門橋",36.3330923,139.3412598
,"弁天橋",35.4957349,139.689499
,"鶴見小野",35.496996,139.6811842
,"新芝浦",35.4920076,139.7001084
,"海芝浦",35.4861466,139.7009677
,"浅野",35.4975155,139.6955965
,"安善",35.4996132,139.7008813
,"浜川崎",35.5098296,139.7136697
,"武蔵白石",35.5017422,139.706175
,"昭和",35.5066373,139.7240923
,"扇町",35.5016691,139.7224713
,"大川",35.4955427,139.7111452
"TY12;MG12","元住吉",35.5645231,139.6539746
"TY17","妙蓮寺",35.4983827,139.6332091
"TY06","都立大学",35.6175561,139.6761727
,"指扇",35.9171162,139.5650228
,"西大宮",35.9223669,139.579954
"IK08","石川台",35.5969806,139.685216
,"国際展示場",35.6345353,139.7916044
"N17","王子神谷",35.7650066,139.7357803
"TR02","東海神",35.7059466,139.9805689
,"淵野辺",35.5685544,139.3950291
,"相模原",35.5814136,139.370725
,"古淵",35.5560763,139.4190637
,"矢部",35.5733298,139.3861806
,"亀戸",35.6973248,139.8267172
"S12","菊川",35.6884236,139.8061202
"TY20","反町",35.4746815,139.6252491
"OM15","二子玉川",35.6117873,139.6268174
,"東大宮",35.9487026,139.6402672
,"南千住",35.7332554,139.7990037
"TY19","東白楽",35.483241,139.6294517
"S05","柚木",34.9819402,138.4061295
"SI40","下山口",35.77928,139.440844
"SI41","西武球場前",35.7703621,139.4193791
"N12","東大前",35.7173022,139.7581184
,"武蔵増戸",35.7309572,139.2561985
,"武蔵引田",35.7297153,139.2700984
,"熊川",35.7284669,139.3354099
,"秋川",35.7280938,139.2866677
,"北戸田",35.8276029,139.6600625
,"戸田",35.8177016,139.6695544
,"金谷",34.8196973,138.1262094
"S21","本八幡",35.7239423,139.9271859
"TY18","白楽",35.4895642,139.627843
"G06","北山田",35.5611041,139.5921432
"G07","東山田",35.55433,139.6046192
"G01","中山",35.5148141,139.5401212
"S02","日吉町",34.9772523,138.3915769
,"浮間舟渡",35.7911622,139.691494
,"本銚子",35.7310562,140.8478146
,"北赤羽",35.7867328,139.7059798
,"東戸塚",35.4303614,139.5567625
"KS43","成田湯川",35.7994785,140.2913031
,"ゆめみ野",35.9210284,140.0348983
"SS04","中井",35.7150546,139.6862985
"TD04","大和田",35.9292565,139.6505833
"TD12","南桜井",35.9804644,139.8079083
"TD11","藤の牛島",35.980272,139.778037
"TD13","川間",35.9791887,139.8339905
"TD07","東岩槻",35.963296,139.7122477
"TD23","豊四季",35.8664964,139.9393882
,"北朝霞",35.8153774,139.5869433
,"流山",35.8558684,139.9016867
,"希望ヶ丘",35.4606796,139.51333
"G09","日吉本町",35.5500695,139.6336221
,"大山寺",35.4296224,139.240939
,"品川シーサイド",35.6097234,139.7498591
,"大井町",35.6074938,139.7346173
,"天王洲アイル",35.620566,139.7507921
,"東京テレポート",35.6276427,139.7787817
"S08","県総合運動場",34.9934327,138.4301603
,"中浦和",35.8535069,139.637731
,"西大原",35.260517,140.3780776
,"西畑",35.2507189,140.2157246
,"養老渓谷",35.2664313,140.1595243
,"上総鶴舞",35.3814614,140.1649963
"S10","浜町",35.688472,139.788139
,"飯給",35.3209202,140.1419993
,"上総大久保",35.2833978,140.1458798
,"月崎",35.3021778,140.13945
,"上総中川",35.282723,140.2806673
,"上総東",35.2633596,140.3449996
,"久我原",35.2499964,140.2479305
,"国吉",35.2805039,140.3139413
,"大多喜",35.2867266,140.2439155
,"小谷松",35.2688576,140.2512284
,"新田野",35.2761624,140.328429
,"東総元",35.2593621,140.2476246
,"総元",35.240567,140.2408718
,"上総三又",35.4660453,140.1268295
,"上総中野",35.2500673,140.1999058
,"上総山田",35.4540703,140.1263208
,"上総川間",35.3880838,140.1511215
,"上総村上",35.496273,140.1003608
,"上総牛久",35.4002312,140.1421329
,"光風台",35.4396451,140.1142655
,"里見",35.3371911,140.1455697
,"高滝",35.3532336,140.1504347
,"上総松丘",35.2578094,140.064132
,"俵田",35.3146706,140.0613446
,"平山",35.2744033,140.0648279
"C09;I08","日比谷",35.6735754,139.7581171
,"ジャトコ前",35.1577426,138.6900879
,"吉原",35.1442484,138.7012828
,"岳南原田",35.1658844,138.7056059
,"岳南富士岡",35.1610282,138.723302
,"岳南江尾",35.1554036,138.7515154
,"本吉原",35.1619384,138.6926029
,"比奈",35.1614331,138.7135127
,"神谷",35.161013,138.7431609
,"須津",35.1605003,138.7341437
,"日進",35.9315436,139.6061583
,"女子大",35.738356,140.1550401
,"公園",35.7308245,140.1537216
,"地区センター",35.7259491,140.1552885
,"中学校",35.7402551,140.1482786
,"井野",35.7325638,140.1485189
"S07","小川町",35.6948951,139.7661916
"S08","岩本町",35.6955634,139.7755631
"S04","市ヶ谷",35.691556,139.737639
"S02","新宿三丁目",35.690639,139.70625
"S03","曙橋",35.692389,139.722861
"I10;S06;Z07","神保町",35.6959813,139.7581299
"Y13","飯田橋",35.7016731,139.743526
"S09","馬喰横山",35.692111,139.782778
,"秋葉原",35.6983617,139.7730385
,"浅草橋",35.6973936,139.7846863
"TR04","北習志野",35.7215117,140.0419324
"TR05","船橋日大前",35.7268545,140.058801
"T22","原木中山",35.7030934,139.9416944
"T21","妙典",35.6911001,139.924365
"T16","西葛西",35.6645735,139.8592086
"T20","行徳",35.6829044,139.9144809
"T15","南砂町",35.6683367,139.8318957
"T19","南行徳",35.6725967,139.9020436
"T14","東陽町",35.6695896,139.817342
"T17","葛西",35.6636222,139.8727431
"T18","浦安",35.6658445,139.8930133
"T13","木場",35.669411,139.80653
"T09","大手町",35.6845755,139.766466
"TR09","東葉勝田台",35.7158063,140.1261716
"KS16","京成八幡",35.7239123,139.9280439
"G12","三越前",35.6861584,139.7740108
"G16","上野",35.71175,139.775972
"G15","上野広小路",35.7078264,139.7730499
"G10","京橋",35.676833,139.770139
"G03","外苑前",35.6704896,139.7178719
"G08","新橋",35.6674057,139.7584668
"G11","日本橋",35.6820616,139.7733998
"G14","末広町",35.7029442,139.7717397
"G19","浅草",35.710833,139.797833
"N06","溜池山王",35.6730035,139.7413929
"G18","田原町",35.7098197,139.790778
"G13","神田",35.69375,139.770889
"G07","虎ノ門",35.67017,139.750049
"C05","乃木坂",35.666656,139.726406
"C02","代々木公園",35.668944,139.691306
"C18","北千住",35.7493185,139.8045232
"C15","千駄木",35.7255455,139.7633148
"M14","国会議事堂前",35.6742577,139.7453028
"C12","新御茶ノ水",35.6979116,139.7659437
"C14","根津",35.7173532,139.765722
"C13","湯島",35.707668,139.7699881
"C16","西日暮里",35.7322969,139.7668282
"C06","赤坂",35.672348,139.736572
"H06","霞ケ関",35.6741725,139.7512008
"M06","中野坂上",35.6970232,139.6825923
"Z08","大手町",35.686776,139.765036
"M18","大手町",35.6867945,139.7662001
"C11","大手町",35.6869804,139.7636796
"M20","御茶ノ水",35.7005448,139.7640222
"M08","新宿",35.6921774,139.700829
"M19","淡路町",35.6951289,139.767457
"M07","西新宿",35.6944228,139.6927786
"H19","三ノ輪",35.7295284,139.7913323
"H17","上野",35.7118717,139.7774252
"H13;A14","人形町",35.6863027,139.7822687
"H18","入谷",35.7207249,139.7845632
"H11","八丁堀",35.6750032,139.7770632
"H04","六本木",35.662819,139.7313383
"H14","小伝馬町",35.6907531,139.7784522
"A11;H09","東銀座",35.6696102,139.767042
"H05","神谷町",35.6629753,139.7450362
"H15","秋葉原",35.6986132,139.7755126
"H10","築地",35.6681142,139.7725632
"Y07;F07","千川",35.738327,139.6893133
"Y14","市ケ谷",35.6914148,139.7361439
"Y18","有楽町",35.675694,139.763333
"Y10","東池袋",35.7255809,139.719447
"Y17","桜田門",35.6774156,139.7517288
"Y16;Z04;N07","永田町",35.678607,139.7404826
"Y12","江戸川橋",35.7095215,139.733581
"Y09","池袋",35.729695,139.7098336
"Y08;F08","要町",35.7332439,139.6986958
"Y11","護国寺",35.719028,139.7275
"Y19","銀座一丁目",35.674361,139.767028
"Y15","麹町",35.684028,139.737667
"Y20","新富町",35.6705,139.773722
"Y21;E16","月島",35.6643694,139.784707
"Y22","豊洲",35.655,139.796111
"M24","新大塚",35.725778,139.729917
"M25","池袋",35.7300573,139.7119638
"M23","茗荷谷",35.717362,139.7368105
"Z09","三越前",35.6849413,139.7730529
"Z05","半蔵門",35.6856785,139.7416288
"I07","内幸町",35.6691961,139.7553036
"I06","御成門",35.66103,139.7515294
"I05","芝公園",35.6535648,139.7497415
"A08","三田",35.6471082,139.7477283
"A09;E20","大門",35.6567938,139.7546916
"A12","宝町",35.6754302,139.7718803
"A10","新橋",35.6654071,139.759402
"A13","日本橋",35.6816768,139.7757451
"A15","東日本橋",35.692111,139.784889
"A16","浅草橋",35.6973783,139.7863178
"A17","蔵前",35.703222,139.790944
"KS18","京成中山",35.7167527,139.9448475
"KS20","京成西船",35.7116296,139.959016
"KS27","京成大久保",35.6859595,140.0480787
,"新川崎",35.5515912,139.6717821
8,"八潮",35.8078016,139.84483
9,"三郷中央",35.8245212,139.8783938
"TD26","増尾",35.8295829,139.9767076
"E12","両国",35.696861,139.797444
"Z10","水天宮前",35.682056,139.786028
"E18","築地市場",35.6648891,139.7669096
"Z13","錦糸町",35.696389,139.815
,"平井",35.706421,139.8425122
,"葛西臨海公園",35.644389,139.861583
"T02","落合",35.7104503,139.6849785
"KS42","成田空港",35.7652228,140.3862401
"M04","東高円寺",35.6979518,139.658303
"M05","新中野",35.6974617,139.668635
"M01","荻窪",35.7042465,139.6199958
"M03","新高円寺",35.6978602,139.6486922
"Mb03","方南町",35.6834664,139.6576432
"Mb04","中野富士見町",35.6905599,139.6669249
"Mb05","中野新橋",35.6917441,139.6740282
"F14","北参道",35.6784714,139.7054355
"F12","東新宿",35.6989257,139.7076433
"F11","西早稲田",35.7079254,139.7090596
"F10","雑司が谷",35.7202599,139.7148462
"G05","赤坂見附",35.6772864,139.7370493
7,"六町",35.7848573,139.8218443
6,"青井",35.7717401,139.8203272
"S16","東大島",35.6903021,139.8459058
,"南与野",35.8678858,139.6310388
"S15","大島",35.6897995,139.8350725
"S18","一之江",35.6859799,139.8831224
"S14","西大島",35.6893636,139.8266054
"H03","広尾",35.6515344,139.7222001
"I02;N02","白金台",35.6381027,139.7265652
,"葭川公園",35.6088494,140.1200969
,"栄町",35.6129614,140.1186221
,"市役所前",35.6072241,140.1078479
,"県庁前",35.6036854,140.1221568
2,"新御徒町",35.7070361,139.782039
3,"浅草",35.7129624,139.7922688
1,"秋葉原",35.6985927,139.7742225
4,"南千住",35.7331336,139.7990698
,"笠幡",35.9076115,139.406423
,"穴川",35.6395681,140.1118771
,"千葉公園",35.6198055,140.1178236
,"作草部",35.6256955,140.1152507
,"天台",35.6314182,140.1127865
"OH18","登戸",35.6209078,139.5693643
"A02","馬込",35.5969362,139.7119624
"A04","戸越",35.6150626,139.7166188
"IK02","大崎広小路",35.6227288,139.722753
"A01","西馬込",35.5860611,139.7053696
"IK03","戸越銀座",35.6160725,139.7150199
"A03","中延",35.6049226,139.7135932
"I23","蓮根",35.7841683,139.6790014
"I24","西台",35.7869431,139.6740066
"I22","志村三丁目",35.7774489,139.6860181
"I19","板橋本町",35.7614026,139.7055582
"I20","本蓮沼",35.7685265,139.7024761
"I18","板橋区役所前",35.7513179,139.7100025
"I16","西巣鴨",35.7437168,139.7285828
"I17","新板橋",35.7488895,139.7192989
"I21","志村坂上",35.7756035,139.6956311
,"小林",35.830567,140.193306
,"新座",35.8037376,139.5562201
"KK16","羽田空港国際線ターミナル",35.5449446,139.7675139
"IK11","久が原",35.5796094,139.6856341
"TM03","鵜の木",35.5754772,139.6805847
,"東京",35.6810912,139.7671861
,"新小平",35.7309545,139.4706203
"C20","北綾瀬",35.7769003,139.8321269
"I03;N03","白金高輪",35.6429019,139.7341274
"H20","南千住",35.7323388,139.7987663
"E09","上野御徒町",35.7079744,139.7735405
,"羽田空港第1ビル",35.5491518,139.7845835
,"羽田空港第2ビル",35.5507883,139.7881457
,"新整備場",35.5427967,139.7869975
"OH07","下北沢",35.6610791,139.6668739
"OH06","東北沢",35.6656375,139.6733222
,"赤羽",35.7781394,139.7207999
"KO03","幡ヶ谷",35.6772113,139.6767644
"KO02","初台",35.6816399,139.6871239
,"小岩",35.7332364,139.881843
"E28","都庁前",35.6903852,139.6914735
,"新三郷",35.8587011,139.8693171
,"三郷",35.8448909,139.8870364
,"東京ディズニーランド・ステーション",35.6359486,139.8786261
,"東京ディズニーシー・ステーション",35.6273945,139.8895056
,"ベイサイド・ステーション",35.6278416,139.87636
,"リゾートゲートウェイ・ステーション",35.635236,139.8851015
,"鰭ヶ崎",35.8410227,139.9108736
"G09","銀座",35.671484,139.7653065
"N04","麻布十番",35.6551352,139.7370323
,"永田町",35.6785137,139.7390122
"SI11","大泉学園",35.7495045,139.5865223
,"尻手",35.5312399,139.6842066
,"城見が丘",35.2917386,140.2525231
,"南浦和",35.8477356,139.6691412
"G10","日吉",35.55342,139.64646
"E17","勝どき",35.6589432,139.7772034
"M02","南阿佐ケ谷",35.6994097,139.6357205
,"新宿",35.68907,139.7007543
"OH01","新宿",35.6902938,139.6996556
,"新宿",35.6915552,139.6996818
"M10","新宿御苑前",35.6885742,139.7107081
"M09;F13","新宿三丁目",35.6908649,139.7048579
"M11","四谷三丁目",35.6879869,139.7205698
"E22","麻布十番",35.6564959,139.7361326
"E19","汐留",35.6630661,139.7596758
"E23","六本木",35.6635507,139.7319116
"E25","国立競技場",35.6801615,139.7136921
,"新宿",35.6886373,139.6990058
"E01","新宿西口",35.6928337,139.6992247
"E30","中野坂上",35.6972411,139.6829269
"E02","東新宿",35.6979339,139.7075497
"E04","牛込柳町",35.6994676,139.7255875
"E05","牛込神楽坂",35.7009139,139.7359501
,"飯田橋",35.7031147,139.7457905
"E10","新御徒町",35.7070079,139.7820354
"E34","新江古田",35.7326152,139.6703804
"E29","西新宿五丁目",35.6899897,139.6847705
,"新宿",35.6905271,139.6991182
,"内原",36.3704036,140.3533152
,"土浦",36.077828,140.2058167
,"赤塚",36.3819368,140.4152492
,"高浜",36.1637967,140.2947842
"KS01","京成上野",35.7109406,139.7735044
,"東浦和",35.8641423,139.7046398
,"吉川",35.876586,139.8433936
,"吉川美南",35.8681234,139.8581304
,"西浦和",35.8442036,139.6279239
"OH51","箱根湯本",35.2333709,139.1036639
"OH59","公園上",35.2490649,139.0432319
"OH57","強羅",35.2506791,139.0482115
"C17","町屋",35.7427536,139.7805692
10,"南流山",35.8385226,139.9030981
,"西園",35.7142821,139.7697415
,"東園",35.715863,139.7701002
,"北浦湖畔",36.1204749,140.5368768
11,"流山セントラルパーク",35.8545821,139.9152693
,"小金城趾",35.8357552,139.9173381
,"幸谷",35.8264006,139.9197944
"OH23","新百合ヶ丘",35.6038643,139.5076929
"OH02","南新宿",35.6836904,139.6988804
"OH27","町田",35.5438699,139.4450045
"I27","西高島平",35.791913,139.645763
"I26","新高島平",35.7902142,139.6544258
"TS12","梅島",35.7723229,139.7980187
"KO53","高尾山口",35.6325238,139.2698321
"B30;G05","センター北",35.5534376,139.5782953
,"遊園地西",35.7690857,139.44011
"ST07","西武遊園地",35.7661781,139.442575
,"新秋津",35.7783816,139.4937517
"IN16","井の頭公園",35.6975223,139.5828122
,"浦和美園",35.8938311,139.7276757
,"海士有木",35.4817067,140.1241104
,"偕楽園",36.3731457,140.4562683
"TR06","八千代緑が丘",35.7287997,140.0730644
"TR07","八千代中央",35.7278721,140.1033572
"TR08","村上",35.7237785,140.1184205
"TR03","飯山満",35.7139973,140.0221903
"T23;TR01","西船橋",35.7072611,139.9590795
,"羽田空港国際線ビル",35.5438964,139.7686079
"IN17","吉祥寺",35.7022137,139.5803599
,"新川",36.4181877,139.2578406
,"矢野口",35.6415979,139.5205143
"I25","高島平",35.7889044,139.6613214
"TJ08","東武練馬",35.7686538,139.6617541
"E32","中井",35.7140525,139.6863802
"E07","春日",35.7085022,139.7527272
"E08","本郷三丁目",35.7075186,139.760541
"E31","東中野",35.7064752,139.6828466
"E35","練馬",35.7373476,139.6544905
"E33","落合南長崎",35.7232032,139.6836262
"E11","蔵前",35.7054789,139.7924363
"E36","豊島園",35.7421716,139.6491281
"E21","赤羽橋",35.6549696,139.7438925
"E15","門前仲町",35.6725145,139.7949361
"KS09","青砥",35.7456971,139.8561732
"KS23","大神宮下",35.6943035,139.9912211
"KS12","江戸川",35.7377048,139.8961189
"KS22","京成船橋",35.7002441,139.9856171
"KS24","船橋競馬場",35.6897833,139.9979321
,"東中山",35.7145136,139.9528834
"KS07","堀切菖蒲園",35.7476934,139.8274862
"KS14","市川真間",35.7314266,139.9115472
"KS21","海神",35.7057838,139.9721924
"KS31","勝田台",35.7154564,140.1260487
"KS11","京成小岩",35.7423118,139.8835783
"KS13","国府台",35.736436,139.9024289
"KS39","公津の杜",35.7604938,140.2952434
"KS04","町屋",35.7422895,139.7814483
"KS28","実籾",35.6869149,140.0684155
"KS40","京成成田",35.7767138,140.3156137
"KS08","お花茶屋",35.7475876,139.8401497
"KS17","鬼越",35.7200272,139.9372295
"KS36","大佐倉",35.7301245,140.2510695
"KS35","京成佐倉",35.725203,140.2297204
"KS06","京成関屋",35.7439967,139.8117769
"KS05","千住大橋",35.7423907,139.7969318
"KS03","新三河島",35.7372232,139.7739554
"KS32","志津",35.717446,140.1449603
"KS38","宗吾参道",35.7526423,140.2809925
"KS15","菅野",35.728223,139.9195295
"KS10","京成高砂",35.7509418,139.8673293
"KS26","京成津田沼",35.6836278,140.0243913
"KS34","京成臼井",35.7299474,140.1807516
"KS29","八千代台",35.7013237,140.090705
"KS25","谷津",35.6852933,140.0075642
"KS33","ユーカリが丘",35.7217428,140.1563751
"KS46","京成曳舟",35.7187273,139.820412
"KS49","京成立石",35.738182,139.8480553
"KS47","八広",35.7271367,139.8283287
"KS48","四ツ木",35.7317359,139.8348327
"KS50","柴又",35.7564295,139.8752024
"KS59","京成千葉",35.611676,140.1142347
"KS60","千葉中央",35.6073414,140.1178666
"KS61","千葉寺",35.5903626,140.1321476
"KS65","ちはら台",35.5338295,140.1702772
"KS63","学園前",35.5606103,140.1584156
"KS55","京成稲毛",35.637802,140.0854843
"KS54","検見川",35.6526042,140.0662809
"KS53","京成幕張",35.6605652,140.0560218
"KS52","京成幕張本郷",35.6725988,140.0421529
"KS56","みどり台",35.624813,140.0977098
"KS57","西登戸",35.6174754,140.1028028
"KS62","大森台",35.5841554,140.1494149
"KS64","おゆみ野",35.5500953,140.1660948
"KS58","新千葉",35.6124552,140.1081809
"HS04","秋山",35.7652967,139.9307391
"HS12","千葉ニュータウン中央",35.8002225,140.1164741
"HS05","東松戸",35.7699719,139.9430945
"HS14","印旛日本医大",35.7875881,140.2033506
"HS13","印西牧の原",35.8035779,140.167174
"HS03","北国分",35.7629228,139.9141728
"HS11","小室",35.7869529,140.0762465
"HS06","松飛台",35.7753487,139.9574789
"HS09","西白井",35.7843884,140.0316753
"HS07","大町",35.7751617,139.973585
"HS08","新鎌ヶ谷",35.7794865,139.9983662
"HS01","新柴又",35.7510948,139.8794064
"HS10","白井",35.7847331,140.054243
"HS02","矢切",35.7572685,139.8996768
"A19","本所吾妻橋",35.7086163,139.8043592
"KK11","京急蒲田",35.5610165,139.7238894
"KK12","糀谷",35.5547009,139.7294663
"A07","泉岳寺",35.6388165,139.7400879
"KK01","品川",35.6277934,139.7379562
"KS37","京成酒々井",35.7367938,140.2700329
"KK27","八丁畷",35.5230437,139.6914586
"KK56","安針塚",35.2866554,139.6430912
"KK04","青物横丁",35.6088736,139.743075
"KK45","屏風浦",35.3942857,139.6103104
"KK43","弘明寺",35.4243661,139.5967985
"KK08","平和島",35.5787207,139.7349776
"KK57","逸見",35.2805604,139.6527891
"KK24","東門前",35.5365833,139.7343911
"KK39","日ノ出町",35.4456139,139.6266728
"KK61","堀ノ内",35.2632685,139.6868827
"KK42","井土ヶ谷",35.4340012,139.6008645
"KK30","花月園前",35.5004279,139.6730074
"KK44","上大岡",35.4090705,139.5966292
"KK49","金沢文庫",35.3428761,139.6215659
"KK50","金沢八景",35.3314156,139.6201287
"KK23","川崎大師",35.535762,139.725954
"KK20","京急川崎",35.5328837,139.7008825
"KK60","県立大学",35.2702921,139.6766433
"KK63","北久里浜",35.2497971,139.6862859
"KK02","北品川",35.622322,139.7392954
"KK40","黄金町",35.4399057,139.6231139
"KK67","京急久里浜",35.2313721,139.7021836
"KK63","馬堀海岸",35.2595926,139.7076337
"KK41","南太田",35.436951,139.6138451
"KK21","港町",35.5350493,139.7123735
"KK71","三浦海岸",35.1882964,139.6533693
"KK72","三崎口",35.1778307,139.6330533
"KK69","京急長沢",35.2056354,139.6743929
"KK31","生麦",35.4960157,139.6677277
"KK48","能見台",35.3608898,139.6294214
"KK07","大森海岸",35.587699,139.7353937
"KK09","大森町",35.572514,139.7320524
"KK54","追浜",35.3158081,139.6248134
"KK62","京急大津",35.2608654,139.6957565
"KK19","六郷土手",35.540667,139.7076679
"KK05","鮫洲",35.6050235,139.7422644
"KK25","産業道路",35.5366173,139.7404941
"KK62","新大津",35.2568945,139.6901055
"KK03","新馬場",35.6165091,139.7414662
"KK32","京急新子安",35.4870984,139.6554751
"KK46","杉田",35.384036,139.6156135
"KK22","鈴木町",35.5354136,139.7206509
"KK06","立会川",35.5986981,139.738985
"KK55","京急田浦",35.3008387,139.6253965
"KK38","戸部",35.4567679,139.6195324
"KK47","京急富岡",35.3671863,139.6297121
"KK70","津久井浜",35.1984199,139.6652683
"KK29","京急鶴見",35.5073439,139.6779994
"KK28","鶴見市場",35.5178497,139.6866478
"KK10","梅屋敷",35.5669782,139.7283545
"KK68","YRP野比",35.2123159,139.6851239
"KK59","横須賀中央",35.2784811,139.6705572
"KK58","汐入",35.2803549,139.6621663
,"恵比寿",35.6464378,139.7102101
,"浜松町",35.6551111,139.7570622
,"原宿",35.6702926,139.7027227
,"東船橋",35.6997729,140.00429
,"市ケ谷",35.6913187,139.735504
,"池袋",35.7301957,139.7111534
,"稲毛",35.6370629,140.0926144
,"神田",35.6917842,139.770917
,"高円寺",35.705333,139.6497314
,"目黒",35.6327125,139.7160948
,"本八幡",35.7209107,139.9272256
,"西千葉",35.6227777,140.1030928
,"荻窪",35.7044803,139.6201587
,"両国",35.6957996,139.7929596
,"千駄ケ谷",35.6812658,139.7113311
,"下総中山",35.7143169,139.9430723
,"信濃町",35.680168,139.7198803
,"水道橋",35.7020419,139.7536358
,"代々木",35.6839519,139.7020805
,"有楽町",35.6749526,139.7630578
"N18","志茂",35.7778749,139.7325731
,"阿佐ケ谷",35.7048882,139.6355529
,"旭",35.7218224,140.6550919
,"馬喰町",35.6933502,139.7824528
,"千葉",35.6133606,140.1132497
,"銚子",35.7296933,140.8271301
,"榎戸",35.6840352,140.2881125
"TD35","船橋",35.7016567,139.9852496
,"八王子",35.6555699,139.3390485
,"東小金井",35.7016087,139.5243396
,"東千葉",35.6168339,140.1221308
,"干潟",35.7182949,140.6028615
,"日野",35.6787168,139.3934992
,"日向",35.6283704,140.3627619
,"市ケ谷",35.6913187,139.735504
,"市川",35.7288592,139.9081878
,"飯倉",35.6856774,140.5224408
,"飯田橋",35.7013742,139.7444452
,"飯岡",35.7293497,140.6836242
,"吉祥寺",35.7031337,139.5797248
,"錦糸町",35.6967524,139.8141509
,"国分寺",35.7001193,139.4804216
,"国立",35.6992264,139.446057
,"倉橋",35.7380715,140.7144461
,"幕張",35.6593936,140.0579629
,"幕張本郷",35.6726903,140.0422934
,"松岸",35.7395583,140.7952579
,"松尾",35.6360158,140.4576611
,"南酒々井",35.7044089,140.2681631
,"三鷹",35.7027148,139.560901
,"物井",35.685674,140.2002938
,"武蔵小金井",35.701105,139.506786
,"武蔵境",35.7021186,139.5439799
"T01","中野",35.7058423,139.6657255
,"滑河",35.8772317,140.3481294
"KS41","空港第2ビル",35.7727077,140.3877797
,"成田",35.777937,140.3140613
,"成東",35.6084219,140.4108752
,"西国分寺",35.69974,139.4660796
,"西荻窪",35.7038061,139.5994511
,"西八王子",35.6567014,139.3127433
,"御茶ノ水",35.699593,139.7649185
,"小見川",35.850169,140.6047024
,"佐倉",35.7096652,140.2260862
,"猿田",35.7473178,140.7374255
,"笹川",35.8397646,140.6556691
,"佐原",35.8945456,140.4940774
,"椎柴",35.7653133,140.7587799
,"下総神崎",35.8949479,140.4105282
,"下総橘",35.8186717,140.7022698
,"下総豊里",35.7931281,140.7206992
,"新検見川",35.6517824,140.0730763
,"新小岩",35.7169327,139.858002
,"新日本橋",35.6886958,139.7730478
,"酒々井",35.731812,140.2753243
,"水郷",35.886212,140.5697795
,"立川",35.6979188,139.4135537
"SS02","高田馬場",35.7126401,139.7038744
,"高田馬場",35.7126839,139.7036425
,"豊田",35.6595146,139.3814849
,"津田沼",35.6912054,140.0204271
,"都賀",35.636082,140.1492345
,"八街",35.6630784,140.3177463
,"八日市場",35.6992256,140.5520936
,"横芝",35.6617773,140.4912163
,"四街道",35.6630218,140.1656042
"DT08","二子新地",35.6071968,139.6224456
"DT09","高津",35.6032848,139.617032
"OM11","九品仏",35.6053529,139.6615207
"OM13","等々力",35.6085065,139.6474173
"H08","銀座",35.6720564,139.7638809
"M16","銀座",35.6730036,139.763599
,"新浦安",35.6495336,139.9124954
,"舞浜",35.6362405,139.8835896
"Y06;F06;SI37","小竹向原",35.7438361,139.6785743
,"神立",36.120317,140.2484767
"N15","西ケ原",35.7460255,139.7422068
,"東十条",35.7638484,139.7268749
,"安中榛名",36.3625792,138.8493964
,"軽井沢",36.3425512,138.6351092
3,"赤土小学校前",35.7428607,139.7690418
,"上田",36.396525,138.2496937
"SL09","くぬぎ山",35.7822632,139.9758601
"SL15","三咲",35.7490718,140.0285581
"SL14","二和向台",35.7539632,140.0231868
"SL07","五香",35.7969838,139.9660328
"SL08","元山",35.7902878,139.9758235
"SL05","八柱",35.7916361,139.9376884
"SL12","初富",35.7721042,140.0008579
"SL22","前原",35.7011208,140.0279421
"SL10","北初富",35.7769709,139.9917669
"SL19","北習志野",35.721255,140.0422237
"SL06","常盤平",35.8033658,139.9501233
"SL23","新津田沼",35.6902333,140.0237977
"SL11","新鎌ヶ谷",35.779124,139.9985576
"SL16","滝不動",35.7377794,140.0259762
"SL20","習志野",35.7149937,140.0427913
"SL21","薬園台",35.7101504,140.0378354
"SL13","鎌ヶ谷大仏",35.7578962,140.0138309
"SL17","高根公団",35.7302168,140.0296592
"SL18","高根木戸",35.7267131,140.0347385
"SL04","みのり台",35.7893478,139.9294387
"SL02","上本郷",35.7896962,139.9162315
"SL03","松戸新田",35.7906644,139.9229926
,"与野本町",35.8813834,139.625957
,"川口",35.8019257,139.7175116
"TY09;MG09;TM01","多摩川",35.5896374,139.668822
,"みつわ台",35.6386257,140.1349825
,"スポーツセンター",35.6432352,140.1161569
,"動物公園",35.6425768,140.1255139
,"千城台",35.6223287,140.1885502
,"千城台北",35.6274151,140.1820367
,"千葉みなと",35.6074294,140.102485
,"小倉台",35.6277152,140.1717592
,"桜木",35.6312486,140.161015
,"都賀",35.6354896,140.1487384
,"千葉",35.6120853,140.1141317
"IK06","長原",35.6022607,139.6979619
,"新木場",35.6461826,139.8280428
,"南越谷",35.8760371,139.7909282
,"東川口",35.8752667,139.7443312
,"板橋",35.7456743,139.7196963
,"千頭",35.1078971,138.1373109
,"八丁堀",35.6746222,139.7776586
,"市川塩浜",35.6666362,139.923649
,"潮見",35.658929,139.8171928
,"越中島",35.6679112,139.7926011
"H12;T11","茅場町",35.6799474,139.7801193
"OH08","世田谷代田",35.6582416,139.6612148
"SS06","沼袋",35.7192588,139.664613
,"桜木町",35.4510267,139.6309909
,"津田山",35.6039284,139.6003767
"KO41","京王多摩センター",35.6253357,139.4245526
"OT06","小田急多摩センター",35.6250534,139.4246863
,"町田",35.5420089,139.4454338
"C07","国会議事堂前",35.67374,139.743416
"C08","霞ケ関",35.67256,139.751675
"M15","霞ケ関",35.6741576,139.7528673
"C10","二重橋前〈丸の内〉",35.6803228,139.7616318
"KO10","八幡山",35.6698424,139.6159248
"KS44","東成田",35.7700881,140.3872193
"SR01","芝山千代田",35.7540717,140.3995062
"M12;N08","四ツ谷",35.6853501,139.7296773
"OM01","大井町",35.6076681,139.7342745
"B27","新羽",35.5275063,139.6120042
"TJ42","西大家",35.9316608,139.3562818
,"下総松崎",35.8076583,140.2779396
,"久住",35.8323487,140.3388809
,"北小金",35.8334292,139.9312051
,"北松戸",35.8005359,139.911864
,"北柏",35.87565,139.9880138
,"南柏",35.8446196,139.9542125
"JJ10;JL32","取手",35.8965617,140.0631701
,"大戸",35.8903536,140.4584941
,"天王台",35.8725271,140.0408889
,"安食",35.8357152,140.2420518
,"布佐",35.8490121,140.1331197
,"我孫子",35.8727093,140.0107682
,"新木",35.8623743,140.1069714
,"新松戸",35.8255048,139.9211716
,"木下",35.8389123,140.1483223
,"東我孫子",35.8689824,140.0476509
,"松戸",35.7842303,139.9009119
,"松戸",35.7842813,139.9005863
"TD24","柏",35.8620728,139.9706602
,"湖北",35.8672452,140.0777789
,"香取",35.8979896,140.5320045
,"馬橋",35.8116335,139.9173079
,"三門",35.2823898,140.391606
,"上総一ノ宮",35.3736792,140.365021
,"上総清川",35.390944,139.9655297
,"上総湊",35.2222837,139.8712604
,"上総興津",35.1372413,140.250935
,"九重",34.997681,139.9110908
,"五井",35.513041,140.0896818
,"佐貫町",35.2606226,139.8760746
,"保田",35.1410607,139.8383441
,"八幡宿",35.5363932,140.1201187
,"八積",35.4037322,140.345609
,"勝浦",35.1530646,140.3129152
,"十二橋",35.9172538,140.545775
,"千倉",34.9767161,139.9546792
,"千歳",34.9916497,139.966465
,"南三原",35.0210887,139.9792572
,"君津",35.3336425,139.8950942
,"和田浦",35.0418145,140.0194922
,"土気",35.5308674,140.2697788
,"大原",35.2508407,140.3908411
,"大網",35.5228296,140.3110002
,"大貫",35.2910811,139.8556052
,"太東",35.3199478,140.3810824
,"太海",35.08183,140.0962597
,"姉ケ崎",35.47867,140.0420546
,"安房勝山",35.1137521,139.8333501
,"安房天津",35.1254818,140.1544792
,"安房小湊",35.1286001,140.1902681
,"安房鴨川",35.1076286,140.1038511
,"富浦",35.0452625,139.8377984
,"岩井",35.0926346,139.8496343
,"巌根",35.414277,139.9332441
,"御宿",35.1880192,140.3519642
,"新茂原",35.4495692,140.299985
,"木更津",35.3816066,139.9262431
,"本千葉",35.6011214,140.1210196
,"本納",35.4821242,140.307407
,"東浪見",35.3471676,140.3766993
,"東清川",35.3900156,139.985803
,"東金",35.5602766,140.3636144
,"横田",35.3861086,140.0203412
,"永田",35.5033707,140.3110704
,"求名",35.5799098,140.396273
,"江見",35.0624672,140.0611555
,"浜野",35.552028,140.1321103
,"浜金谷",35.168133,139.8223398
,"浪花",35.2227019,140.3794316
,"祇園",35.3915098,139.9482934
,"祗園",35.3915098,139.9482934
,"福俵",35.5459418,140.3414858
,"竹岡",35.1976794,139.8298213
,"茂原",35.4268879,140.3039498
,"蘇我",35.5813725,140.1311573
,"行川アイランド",35.1182556,140.2259359
,"袖ケ浦",35.4321321,139.9580308
,"誉田",35.5469951,140.2138484
,"那古船形",35.0284756,139.8515617
,"鎌取",35.5628336,140.1785002
,"長浦",35.4502652,139.9954729
,"長者町",35.2958853,140.3850371
,"青堀",35.3304547,139.8582539
,"館山",34.9959209,139.8618906
,"鵜原",35.140844,140.2784674
,"下郡",35.3553448,140.0554424
,"小櫃",35.3284083,140.0599164
,"東横田",35.3862677,140.036446
,"馬来田",35.3666754,140.0586872
,"上毛高原",36.6931647,138.9775973
,"堀之内信号場",35.788717,140.374741
,"石和温泉",35.6577228,138.6352932
,"春日居町",35.6735332,138.6590665
,"山梨市",35.6849638,138.6830455
,"仲ノ町",35.7288796,140.8335069
,"君ヶ浜",35.7135504,140.8605022
,"外川",35.6992536,140.857025
,"海鹿島",35.7217916,140.8635436
,"犬吠",35.706245,140.861175
,"笠上黒生",35.7284288,140.8570855
,"西海鹿島",35.7254287,140.8598171
,"観音",35.7290391,140.8402233
,"川原湯温泉",36.5450096,138.6969647
,"ダム上 山頂駅",35.5405048,139.2486323
,"ダム下 山麓駅",35.5416373,139.2500205
,"鶴見",35.5082908,139.6761409
,"菊名",35.5096441,139.6307024
,"武蔵砂川",35.7289155,139.3922831
,"武蔵砂川",35.7289166,139.3920705
,"西武立川",35.7263098,139.3701371
"OE02","中央林間",35.5075126,139.4441433
18,"万博記念公園",36.0583204,140.0594905
14,"柏たなか",35.9109694,139.9575869
13,"柏の葉キャンパス",35.8934206,139.9525375
19,"研究学園",36.0821497,140.0824223
17,"みどりの",36.0298606,140.0563392
16,"みらい平",35.9943497,140.0383201
15,"守谷",35.9500735,139.991923
12,"流山おおたかの森",35.8718459,139.9250718
20,"つくば",36.0825835,140.111247
"U10","青海",35.6247789,139.7812023
"U07","台場",35.6259018,139.7714216
"U08","船の科学館",35.621401,139.7730812
"U06","お台場海浜公園",35.6299113,139.778807
"U12","有明",35.6345858,139.7933188
"U13","有明テニスの森",35.640126,139.7888608
"U04","日の出",35.6491556,139.7590874
"U11","国際展示場正門",35.630197,139.7913701
"U05","芝浦ふ頭",35.641723,139.7577759
"U14","市場前",35.6458081,139.7857575
"U01","新橋",35.6653482,139.7598936
"U15","新豊洲",35.6488052,139.7901932
"U02","汐留",35.662907,139.7599723
"U03","竹芝",35.6539736,139.761907
"U09","テレコムセンター",35.6175656,139.7794436
"U16","豊洲",35.6537554,139.7953721
,"成瀬",35.5353004,139.4729739
"DT22;KD01","長津田",35.531824,139.4951614
,"高崎",36.3223804,139.0127191
,"南橋本",35.5801961,139.3524614
,"敷島",36.5379451,139.0338524
,"津久田",36.5611315,139.0428322
,"太田",36.2941518,139.3784534
,"新伊勢崎",36.3183865,139.2017487
,"群馬八幡",36.3377009,138.9574688
,"岩本",36.6030654,139.0470124
,"二俣新町",35.6913813,139.959533
,"蒲田",35.5620151,139.7158191
,"上中里",35.7466176,139.7470253
,"川崎",35.5313543,139.6969517
,"西川口",35.8155833,139.7044816
,"大井町",35.6063886,139.7348819
,"王子",35.7523466,139.7382749
,"大森",35.5884735,139.7279334
,"浦和",35.8589905,139.6571433
,"群馬総社",36.4155807,139.0322835
,"沼田",36.6424053,139.0356609
,"渋川",36.4906867,139.0085523
,"新前橋",36.3789824,139.0468438
,"八木原",36.463449,139.0192795
,"群馬藤岡",36.2501545,139.083422
,"拝島",35.7212233,139.3435672
,"倉賀野",36.3004234,139.0492106
,"上尾",35.9733157,139.5884224
,"深谷",36.1915583,139.2810987
,"吹上",36.1032322,139.4529973
,"行田",36.1140309,139.4320377
,"本庄",36.2360695,139.1885427
,"神保原",36.2535284,139.1492447
,"籠原",36.1744564,139.3304118
,"北鴻巣",36.0855861,139.4769399
,"北本",36.0315907,139.5339317
,"鴻巣",36.0592096,139.5095783
,"熊谷",36.1393943,139.3900379
,"前橋",36.3832125,139.0726837
,"宮原",35.9403046,139.6095496
,"岡部",36.2056805,139.2375953
,"桶川",35.9987075,139.5639442
,"新町",36.2730572,139.1053121
,"藤沢",35.3387452,139.4863127
"TS51","大師前",35.7788753,139.7814629
"TS13","西新井",35.777253,139.790321
"TS42","東あずま",35.7070671,139.8318015
"TS04","曳舟",35.7183056,139.8167501
"TS43","亀戸水神",35.7000503,139.8335195
"TS41","小村井",35.7103615,139.8275533
,"三島",35.1261926,138.911369
,"新富士",35.1421319,138.6634609
,"新横浜",35.5067344,139.6168133
,"静岡",34.9717115,138.3892221
,"閑蔵",35.191862,138.193906
"OH03","参宮橋",35.6788005,139.6938086
"KO52","高尾",35.6416137,139.2811569
,"高尾",35.6423886,139.2829388
"IN05","下北沢",35.6615352,139.6671704
"IN06","新代田",35.662651,139.661052
"KO06;IN08","明大前",35.6685449,139.6505026
"IN07","東松原",35.662645,139.6557044
"IN09","永福町",35.6760569,139.6430084
"IN11","浜田山",35.6816919,139.6273127
"IN01","渋谷",35.658739,139.6995399
"IN02","神泉",35.6572282,139.6936431
,"西永福",35.6787246,139.6355337
"SS30;ST04","萩山",35.7407076,139.4770669
"SI07","中村橋",35.7367937,139.6377931
"SI14","東久留米",35.7602654,139.5340468
"SI15","清瀬",35.7720955,139.5199567
"SI13","ひばりヶ丘",35.7515231,139.5455333
"SI19","小手指",35.8006184,139.4377917
"SI20","狭山ヶ丘",35.810546,139.4167555
"SI22","稲荷山公園",35.8447614,139.3992421
"SI18","西所沢",35.7889677,139.4560791
,"仏子",35.8377818,139.360064
,"元加治",35.8404486,139.3455314
"SI23","入間市",35.8426832,139.3901317
"SI06","練馬",35.7378296,139.6541214
"SI26","飯能",35.8510578,139.3189361
"SI03","東長崎",35.7305456,139.6827202
,"白岡",36.0173875,139.6667383
"H01","中目黒",35.6440782,139.6987828
,"長野",36.6431174,138.1887835
,"戸田公園",35.8079089,139.6781947
,"すずかけ台",35.5168841,139.4816641
"DT23","つくし野",35.5271513,139.484969
"TD10","春日部",35.980074,139.7520793
"TD02","北大宮",35.917609,139.6248125
"TD16","愛宕",35.9505133,139.8645604
"TD20","江戸川台",35.8974062,139.9103577
"TD21","初石",35.8841408,139.9177361
"TD31","鎌ヶ谷",35.7640517,139.9973319
"TD14","七光台",35.9705985,139.8529451
"TD05","七里",35.9363894,139.6658159
"TD17","野田市",35.9436641,139.8707326
"TD03","大宮公園",35.9238311,139.632959
"TD27","逆井",35.8232385,139.9839107
"TD15","清水公園",35.9590685,139.8600282
"TD34","新船橋",35.7114233,139.9797754
"TD30","新鎌ヶ谷",35.7803404,139.9995204
"TD25","新柏",35.838506,139.9666532
"TD28","高柳",35.8086891,139.9989256
"TD08","豊春",35.9680359,139.7262512
"TD33","塚田",35.7216712,139.982523
"TD19","運河",35.9143317,139.906206
"TD09","八木崎",35.978668,139.7424533
"TD32","馬込沢",35.7415707,139.9922452
"TD29","六実",35.7938671,139.9993452
"TD22","流山おおたかの森",35.8720708,139.925799
"TY02","代官山",35.6482067,139.703262
"TY10;MG10","新丸子",35.5806127,139.661934
"TY21;MM01","横浜",35.466843,139.6227891
"TY01;F16","渋谷",35.6584607,139.7028966
"C19","綾瀬",35.7621884,139.825389
"TS01","浅草",35.7118142,139.7982436
,"北春日部",35.9906294,139.7439659
"TS02","とうきょうスカイツリー",35.7104065,139.8091837
"KS45;A20;Z14","押上〈スカイツリー前〉",35.7107458,139.8134123
"C03;F15","明治神宮前〈原宿〉",35.6684914,139.7054035
"G02;Z02;C04","表参道",35.6651767,139.7125169
"F16","渋谷",35.6598207,139.7023403
"M13","赤坂見附",35.6772904,139.7370787
"G06","溜池山王",35.6715237,139.7419479
,"鴨宮",35.2757379,139.1802438
,"二宮",35.2987614,139.2576269
,"大磯",35.3113143,139.3133957
,"茅ヶ崎",35.3305449,139.4075179
,"船橋法典",35.7308674,139.9665597
,"馬立",35.424028,140.1145678
,"西大井",35.6018658,139.7216714
,"尾久",35.7469091,139.7536603
,"北高崎",36.3385486,139.0022433
,"久喜",36.0655594,139.6774943
,"保土ヶ谷",35.4466889,139.5997021
,"田町",35.6457358,139.7476833
,"小山",36.3129364,139.8065054
,"宇都宮",36.5593328,139.89831
,"桐生",36.4110755,139.3331658
,"栗橋",36.1368206,139.6942053
,"栃木",36.3717284,139.7314038
,"伊勢崎",36.3268973,139.1938823
,"佐野",36.3167575,139.5789679
,"新白岡",36.0386816,139.6720827
,"館林",36.2462815,139.5278553
,"明神",36.6763398,139.7122883
,"大月",35.6128213,138.9420928
,"大月",35.6133033,138.94251
,"山梨市",35.6849377,138.6830303
,"千葉みなと",35.6067279,140.1027745
,"稲毛海岸",35.6294925,140.0735654
,"海浜幕張",35.6484234,140.041921
,"検見川浜",35.6372071,140.0590771
,"南船橋",35.6819795,139.9955584
,"新木場",35.6461072,139.8273713
,"新習志野",35.6673499,140.0128786
"TJ21","川越",35.9070028,139.4832484
,"高麗川",35.8964125,139.3380637
,"羽黒",36.3552714,140.1433466
,"友部",36.3507978,140.3062895
,"下館",36.3041153,139.9781751
"SS21;SK05","東村山",35.7599906,139.4657955
"SK04;SS31","小川",35.7375194,139.4635449
"SI39","豊島園",35.7421151,139.6479663
"SI12","保谷",35.7483373,139.5677425
"SI05","桜台",35.7387537,139.6623844
"SI17;SS22","所沢",35.7871415,139.4733317
5,"並木中央",35.3654383,139.6429378
4,"並木北",35.371877,139.642701
9,"市大医学部",35.3439367,139.6500917
1,"新杉田",35.3860018,139.6204103
13,"野島公園",35.3305191,139.6314529
14,"金沢八景",35.33113,139.6221441
,"赤城",36.4256717,139.2767605
,"中央前橋",36.3911832,139.0749235
,"富士山下",36.4140218,139.3158547
,"上泉",36.3942753,139.1065811
,"片貝",36.3939649,139.0955254
,"三俣",36.3937327,139.0890263
,"西桐生",36.4140878,139.3329567
,"潮来",35.9370775,140.5495746
,"鹿島サッカースタジアム",35.9922459,140.6362921
,"鹿島神宮",35.9706884,140.625998
,"延方",35.9581792,140.5887438
,"勝田",36.3944346,140.5242433
,"佐貫",35.9300777,140.1382428
,"市川大野",35.7553848,139.9512825
,"北府中",35.6807772,139.4717507
,"越谷レイクタウン",35.8762502,139.8216515
,"南流山",35.8376448,139.904357
,"新八柱",35.7919529,139.938367
,"横川",36.336178,138.7372548
,"安中",36.3316945,138.9145889
,"松井田",36.3094214,138.797336
,"磯部",36.2983921,138.8497966
,"西松井田",36.3162627,138.7863809
,"蓮田",35.981302,139.6530092
,"宝積寺",36.6314909,139.979591
,"土呂",35.931785,139.6321083
,"国定",36.3587018,139.2421213
,"高崎",36.3208614,139.0122633
,"北藤岡",36.2824328,139.0810153
"OE14","本鵠沼",35.3308451,139.4751199
,"高座渋谷",35.4318273,139.4646929
,"六会日大前",35.3841239,139.4706379
,"湘南台",35.3964544,139.4665315
,"善行",35.3629254,139.4732518
,"厚木",35.443054,139.3777819
,"橋本",35.5948549,139.344907
,"南高崎",36.3123752,139.0122928
,"佐野のわたし",36.3025866,139.0182837
,"根小屋",36.2913742,139.0188591
,"高崎商科大学前",36.2844253,139.0294644
,"山名",36.2776937,139.0380749
,"上総亀山",35.2330851,140.0898482
,"久留里",35.2958382,140.0758104
,"上総久保",35.3675606,140.1545765
"TN12","新栃木",36.389849,139.7423073
,"吉原本町",35.160803,138.6898549
,"東ゲート",36.0197504,139.7192771
,"リバティーランド",36.0199579,139.7160046
,"ハートフルランド",36.0214142,139.7118253
,"新桐生",36.3950775,139.3200681
,"大平下",36.3443513,139.6975422
,"逗子",35.297573,139.5785742
,"山手",35.4273463,139.6462286
,"新杉田",35.386554,139.6195735
,"本郷台",35.3679186,139.5501985
,"根岸",35.4157514,139.6355446
"TY21;MM01","横浜",35.4656854,139.6225042
,"洋光台",35.3788099,139.5968986
,"港南台",35.3752947,139.5766957
,"磯子",35.4000279,139.6181087
,"日向和田",35.7881161,139.2297013
,"安倍川",34.9412271,138.364247
,"熱海",35.1039424,139.0780356
,"富士",35.1513272,138.6512849
,"藤枝",34.8492226,138.2523033
,"富士川",35.1411213,138.6185722
,"原",35.1247065,138.7936747
,"東静岡",34.9845949,138.4136964
,"東田子の浦",35.1361069,138.7461066
,"蒲原",35.113984,138.5827647
,"金谷",34.8190977,138.1254959
,"函南",35.108716,138.9710218
,"片浜",35.1185334,138.8180337
,"菊川",34.7615825,138.0852377
,"草薙",35.0027756,138.4416352
,"用宗",34.9225394,138.3598993
,"西焼津",34.8597765,138.2855853
,"沼津",35.1030306,138.859806
,"興津",35.0525502,138.5219809
,"六合",34.8366068,138.2042617
,"島田",34.8302621,138.1741928
,"清水",35.0233447,138.4890381
,"新蒲原",35.1195535,138.6080697
,"静岡",34.9714603,138.3883965
,"焼津",34.8722082,138.3182263
,"吉原",35.1435562,138.7040631
,"由比",35.0976803,138.5532813
,"茅ヶ崎",35.3306232,139.4074579
,"藤沢",35.3387383,139.4863294
,"早川",35.2391784,139.1451992
,"平塚",35.3274729,139.3491423
,"鴨宮",35.2757203,139.1802316
,"国府津",35.2812711,139.2142036
,"真鶴",35.156958,139.1322726
,"根府川",35.2026663,139.1387321
,"二宮",35.2988831,139.257628
"ID01","小田原",35.2561819,139.1552509
,"辻堂",35.3368141,139.446245
,"湯河原",35.1462344,139.1021928
,"大磯",35.3113142,139.3133885
,"新橋",35.6661776,139.7583239
,"品川",35.6286974,139.7391291
,"戸塚",35.4005483,139.534215
"KK64","浦賀",35.2511243,139.7149977
,"ユーカリが丘",35.7221023,140.1570381
,"北与野",35.890369,139.6284122
,"南古谷",35.9033701,139.5197607
,"篠ノ井",36.5774147,138.1381842
,"今井",36.5950297,138.1451062
,"安茂里",36.6302229,138.1618403
,"川中島",36.6141007,138.1507012
,"北長野",36.6654778,138.2230135
,"武蔵浦和",35.8459615,139.6464721
,"境町",36.2772141,139.2563411
,"伊東",34.9748895,139.0920483
,"伊豆長岡",35.0399263,138.9474531
,"小田栄",35.514384,139.7051384
,"岡本",36.5982887,139.9444191
,"鶴田",36.5381942,139.858601
"TN40","東武宇都宮",36.5595124,139.8805621
,"屋代",36.5320177,138.1282731
,"坂城",36.4623548,138.1810181
,"上神梅",36.4700531,139.2576786
,"岩宿",36.3956779,139.2968213
,"武州荒木",36.1624542,139.4882103
,"福生",35.7423483,139.3278636
,"二俣尾",35.8042988,139.2159535
,"羽村",35.7582678,139.3160652
,"鳩ノ巣",35.8150523,139.1287096
,"東中神",35.7064128,139.3842689
,"東青梅",35.7899044,139.2725011
,"軍畑",35.8076389,139.2076788
,"石神前",35.7966075,139.2251306
,"河辺",35.7843349,139.2849278
,"川井",35.8137516,139.1640333
,"古里",35.8162795,139.1516294
,"御嶽",35.8014535,139.1829937
,"宮ノ平",35.7873003,139.2369126
,"中神",35.7088858,139.376239
,"西立川",35.7035299,139.3936369
,"奥多摩",35.8094019,139.0967926
,"青梅",35.7904554,139.2583303
,"小作",35.7762291,139.3020363
,"沢井",35.8058546,139.1936415
,"白丸",35.8119218,139.1148922
,"牛浜",35.7345743,139.3335747
,"東富岡",36.2608637,138.9019007
,"上州福島",36.2563327,138.9296518
,"上州一ノ宮",36.2530369,138.8637154
,"上州七日市",36.258802,138.8748834
,"上州新屋",36.2559546,138.9516222
,"上州富岡",36.2604237,138.8919038
,"神農原",36.2426671,138.8435266
,"馬庭",36.2614153,139.0092091
,"南蛇井",36.2380765,138.8138092
,"西富岡",36.2601721,138.8831631
,"西山名",36.2710412,139.0323515
,"西吉井",36.2557231,138.9663303
,"千平",36.2301987,138.7988431
,"下仁田",36.2104653,138.7864082
,"吉井",36.2560542,138.9842924
"TN34","国谷",36.4516306,139.8236555
"TN33","壬生",36.4229063,139.8052382
"TN32","野州大塚",36.4089953,139.7730593
,"石橋",36.4364953,139.8665122
,"雀宮",36.4938889,139.8769529
,"天空橋",35.5489671,139.7543827
,"整備場",35.5551678,139.7533539
,"昭和島",35.5708971,139.750008
,"流通センター",35.5816673,139.7491238
,"大井競馬場前",35.5951172,139.7470539
,"天王洲アイル",35.6227359,139.7507947
,"四ツ谷",35.6860713,139.7306211
"M22","後楽園",35.7073394,139.7512504
"N05","六本木一丁目",35.6649905,139.7388526
"TJ10","成増",35.7776122,139.6329035
"M17","東京",35.6817543,139.7647551
"OM05","荏原町",35.603863,139.7075529
"T07:Z06;S05","九段下",35.6955382,139.7513781
"OH53","大平台",35.2386646,139.0740385
,"多々良",36.273581,139.5004886
,"長野原草津口",36.5463186,138.6497771
,"柳生",36.2067467,139.6596874
,"板倉東洋大前",36.2221334,139.648542
,"ソシオ流通センター",36.1364779,139.4244068
"I10;S06;Z07","神保町",35.6959465,139.758154
,"久地",35.610352,139.592758
"KK26","小島新田",35.5347601,139.7480321
,"千歳烏山",35.6680309,139.6008688
,"木崎",36.2712643,139.3124302
,"武蔵増戸",35.7309887,139.2562349
,"東秋留",35.7258859,139.3114682
,"秋川",35.7280552,139.2866846
,"武蔵増戸",35.7310574,139.2562532
,"横浜",35.4659884,139.6219788
,"加茂宮",35.935688,139.6166706
,"吉野原",35.9572224,139.6207071
,"原市",35.9639223,139.6221026
,"沼南",35.9710977,139.6234695
,"今羽",35.9500444,139.6194068
,"東宮原",35.9426946,139.6180325
,"大船",35.3527725,139.5317677
"B30;G05","センター北",35.5533142,139.578635
"B29;G04","センター南",35.5452928,139.5746053
,"金町",35.7695843,139.8706926
"OH18","登戸",35.6209078,139.5693643
,"東京貨物ターミナル駅",35.5896662,139.7594679
,"芦ヶ久保",35.9765024,139.1365333
,"四ツ谷",35.6854309,139.7295728
,"市ケ谷",35.69227,139.7354909
,"飯田橋",35.702188,139.7441924
,"後楽園",35.7082824,139.7517543
,"本駒込",35.7247665,139.7537288
,"駒込",35.7360547,139.746819
,"王子",35.7540023,139.7375002
,"赤羽岩淵",35.7834615,139.7221738
,"新宿三丁目",35.69084,139.7047061
,"氷川台",35.7497818,139.6650083
,"平和台",35.7579161,139.6538208
,"地下鉄赤塚",35.7698429,139.6440689
,"地下鉄成増",35.7769372,139.6309689
,"和光市",35.7886262,139.6123276
,"高田馬場",35.7137912,139.7038927
,"早稲田",35.7058028,139.721191
,"神楽坂",35.7039298,139.7341347
,"飯田橋",35.7019148,139.745585
,"竹橋",35.690494,139.7569614
,"日本橋",35.6824726,139.7737919
,"三田",35.648084,139.7488441
,"大手町",35.6840401,139.7626304
,"水道橋",35.7035071,139.7550684
,"春日",35.7097979,139.7531843
,"白山",35.7210717,139.7520578
,"千石",35.7282717,139.7441698
,"巣鴨",35.7336779,139.7380979
,"池袋",35.7312976,139.7084869
,"上北沢",35.6688535,139.6232912
,"代々木",35.6839729,139.7014495
,"仲御徒町",35.7064914,139.7761952
"H07","日比谷",35.6751289,139.7594089
,"東飯能",35.8528025,139.3260627
,"越生",35.9622775,139.299577
,"港南中央",35.4011996,139.5911667
,"あしかがフラワーパーク",36.3151578,139.5183925
,"新鹿沼",36.556796,139.7448197
,"樅山",36.5330893,139.7418934
,"楡木",36.5070825,139.7452462
,"下小代",36.6513639,139.713918
,"板荷",36.6194383,139.7077355
,"新古河",36.192459,139.687177
,"酒折",35.6597419,138.5989109
,"善光寺",35.6598766,138.5894032
,"金手",35.6621751,138.5791437
,"甲府",35.6672258,138.5691378
"B11","上大岡",35.4090326,139.5959771
"B05","踊場",35.405321,139.5188664
,"舞岡",35.4024944,139.5509877
,"下永谷",35.4025998,139.559695
"S13;Z12","住吉",35.6890174,139.8157296
"E13","森下",35.6880305,139.7982399
"E14;Z11","清澄白河",35.6820467,139.7987913
,"常陸鴻巣",36.472522,140.4675919
,"上菅谷",36.4554063,140.4924412
,"中菅谷",36.4458648,140.4926363
,"下菅谷",36.435349,140.4940613
,"瓜連",36.4981274,140.449723
,"南酒出",36.4773699,140.4984936
,"額田",36.4857123,140.5034141
,"常陸太田",36.530947,140.5281012
,"谷河原",36.5198779,140.5250642
,"河合",36.5082704,140.5171055
,"東水戸",36.3618876,140.5157087
,"常澄",36.3408365,140.5588017
,"牛久",35.9755208,140.1409404
,"藤代",35.9206534,140.1182086
,"取手",35.897306,140.0637169
,"南守谷",35.9342845,140.0024794
,"戸頭",35.9294755,140.0141759
,"稲戸井",35.9262942,140.0224015
,"新取手",35.9174575,140.0425851
,"寺原",35.9118742,140.0544646
,"西取手",35.9088559,140.0591568
,"守谷",35.9506676,139.992106
,"小絹",35.9808767,139.9833418
,"新守谷",35.9665144,139.9856512
,"水海道",36.0180189,139.9915668
,"玉村",36.1356647,139.9698611
,"宗道",36.1541067,139.9705195
,"下妻",36.1820063,139.9644363
,"石下",36.1172237,139.9742525
,"三妻",36.0735656,139.983024
,"南石下",36.1023895,139.9738622
,"厚木",35.44371,139.3785958
,"中妻",36.0472166,139.9906455
,"北水海道",36.0320855,139.992861
,"黒子",36.2473114,139.9749928
,"騰波ノ江",36.223245,139.9764083
,"大宝",36.2031008,139.9702929
,"大田郷",36.2782142,139.9596405
,"佐和",36.4300252,140.5403012
,"小木津",36.636792,140.6751546
,"大甕",36.51301,140.6197228
,"東海",36.465474,140.5657393
,"日立",36.5910335,140.6621499
,"十王",36.6713814,140.6859881
,"鹿島旭",36.2245985,140.5126154
,"涸沼",36.2658612,140.5271718
,"大洗",36.315351,140.5626675
,"金上",36.3825755,140.5337861
,"日工前",36.3878561,140.5249241
,"中根",36.3673904,140.5623744
,"高田の鉄橋",36.3523832,140.5803633
,"ひたち野うしく",36.0074123,140.1583406
,"荒川沖",36.0308079,140.166011
,"岩間",36.2954769,140.2764134
,"羽鳥",36.2472941,140.2867882
,"石岡",36.1909924,140.2799123
,"小金井",36.3743446,139.8419693
,"自治医大",36.394571,139.8541063
,"野木",36.2303474,139.7350699
,"古河",36.1946269,139.7095017
,"東鷲宮",36.0894788,139.6795253
,"横瀬",35.9852772,139.0977904
,"御花畑",35.9923718,139.0837383
,"冒険の丘",35.2596504,139.1247097
,"エントランス広場",35.259505,139.1280266
